time	2026-07-31T14:57:35+08:00
host	autodl-container-nekaqbwt43-6ce5babb
uid	0
repo	/root/autodl-tmp/RLinf_qam_pi0_robotwin
branch	codex/qam-pi0-robotwin
head	de99f969975564c8fec53de09c595b6670e3a416
tree	3a495f06cc79a5f00a7543b21e4a6953039f7ea9
source_yaml_sha256	d3da1b66d24233300e2a5cebebdf9cb9bcb9e17db959c72e9efcf85dcff1cc6f
source_resolved_sha256	ae1faf2e177f6ca5abce17a27056c191c11aaaf0c0d30a6063cb14f17f0dfdfd
smoke_resolved_sha256	ce8661de889992357f473068e481ac5b6c56f44fb9eddeaee3e20858db9cefee
norm_stats_sha256	649ed92b431bd70627febdb00b2385e35fcab5088e72a4e4a4845585f8ce4f6a
model_index_sha256	79b9eae15b87f8757471b1040bd27fba4b7731feb302c347bbdc55e4765f0311
monitor_sha256	01f0e4087f58a6a6c72e1865cb683639df377bb9bf3a85a54f4ae634bd0282d7
disk_available_bytes	866263556096
