timestamp,driver_alive,host_mem_available_kib,gpu4_used_mib,gpu4_util_pct,gpu5_used_mib,gpu5_util_pct,gpu6_used_mib,gpu6_util_pct,gpu7_used_mib,gpu7_util_pct
2026-08-24T12:11:21+00:00,1,1829743960,5,0,5,0,24587,0,24299,0
2026-08-24T12:12:21+00:00,1,1778751708,1196,0,1196,0,19724,28,19756,85
2026-08-24T12:13:21+00:00,1,1762680736,10678,0,10834,100,31184,100,30714,100
2026-08-24T12:14:21+00:00,1,1722039976,20736,0,21218,2,44511,22,43551,79
2026-08-24T12:15:21+00:00,1,1711084276,20032,0,20420,0,42547,3,41547,8
2026-08-24T12:16:22+00:00,1,1723280048,20001,0,20091,0,43635,0,44211,15
2026-08-24T12:17:22+00:00,1,1712720744,22815,100,23203,0,46395,59,45337,0
2026-08-24T12:18:22+00:00,1,1712587376,21705,1,21795,1,44217,5,43055,2
2026-08-24T12:19:22+00:00,1,1710454976,21321,62,21371,1,45545,1,44425,80
2026-08-24T12:20:23+00:00,1,1708563044,22775,1,23715,29,47077,0,45605,56
2026-08-24T12:21:23+00:00,1,1700032544,23033,0,23121,0,44469,0,42835,6
2026-08-24T12:22:23+00:00,1,1697722364,21849,2,22035,0,48493,99,46723,1
2026-08-24T12:23:23+00:00,1,1685642696,23397,0,24081,94,46809,4,45039,0
2026-08-24T12:24:24+00:00,1,1675602696,23597,0,23685,0,57961,100,55561,100
2026-08-24T12:25:24+00:00,1,1682285640,15803,0,16191,0,45556,0,43271,81
2026-08-24T12:26:24+00:00,1,1672051852,32065,100,32453,100,53977,98,52185,99
2026-08-24T12:27:24+00:00,1,1675075388,19609,0,20509,69,45445,2,43259,3
2026-08-24T12:28:24+00:00,1,1664833696,20321,0,20923,0,44751,11,44745,0
2026-08-24T12:29:25+00:00,1,1661695820,23429,88,24329,0,47023,81,44443,0
2026-08-24T12:30:25+00:00,1,1633524948,23333,0,23421,0,47655,0,45927,0
2026-08-24T12:31:25+00:00,1,1631807192,22479,4,22881,0,46627,0,44303,2
2026-08-24T12:32:25+00:00,1,1651225044,21939,1,22745,5,47873,0,45849,0
2026-08-24T12:33:25+00:00,1,1650236200,22243,0,24033,68,47575,77,47449,86
2026-08-24T12:34:26+00:00,1,1646371128,23131,0,24031,1,46979,2,44977,0
2026-08-24T12:35:26+00:00,1,1644342604,22005,3,23041,0,47577,84,46021,0
2026-08-24T12:36:26+00:00,1,1629583068,21279,0,21947,0,49232,0,47368,8
2026-08-24T12:37:26+00:00,1,1634143472,23685,72,24585,85,44151,0,45573,99
2026-08-24T12:38:27+00:00,1,1620330072,15539,0,16439,0,49616,0,48516,71
2026-08-24T12:39:27+00:00,1,1610712108,23585,1,23865,2,46940,2,46652,10
2026-08-24T12:40:27+00:00,1,1630130936,21137,0,22071,60,44232,10,45760,1
2026-08-24T12:41:27+00:00,1,1623647628,20821,0,21657,0,45996,2,45390,0
2026-08-24T12:42:28+00:00,1,1618403488,20535,0,21371,0,48076,100,47066,0
2026-08-24T12:43:28+00:00,1,1617315380,23429,0,24265,84,47564,2,47994,2
2026-08-24T12:44:28+00:00,1,1616292128,22575,2,23711,0,47912,1,46966,19
2026-08-24T12:45:28+00:00,1,1615887936,22451,0,23073,0,45694,4,47616,100
2026-08-24T12:46:28+00:00,1,1614596088,21815,0,22341,0,47580,0,48410,100
2026-08-24T12:47:29+00:00,1,1598224356,24453,0,25033,0,48370,0,47276,74
2026-08-24T12:48:29+00:00,1,1577065096,24057,0,24735,0,46288,6,47834,96
2026-08-24T12:49:29+00:00,1,1586267520,22939,40,23841,0,41214,28,49574,12
2026-08-24T12:50:29+00:00,1,1596393412,17075,0,17655,0,44438,0,43748,1
2026-08-24T12:51:29+00:00,1,1590718900,17075,0,17655,0,37555,0,45744,15
2026-08-24T12:52:30+00:00,1,1606348020,19925,1,20409,0,44360,21,43158,97
2026-08-24T12:53:30+00:00,1,1606182988,21239,1,21627,1,47172,98,46380,100
2026-08-24T12:54:30+00:00,1,1597854784,24645,67,24777,73,47186,7,44636,3
2026-08-24T12:55:31+00:00,1,1591919808,23143,0,23329,2,46062,0,45228,1
2026-08-24T12:56:31+00:00,1,1583857776,22209,0,22395,2,47226,0,46570,77
2026-08-24T12:57:31+00:00,1,1581209432,24645,46,24777,0,48184,91,46858,24
2026-08-24T12:58:31+00:00,1,1578236332,23749,0,23881,0,45534,13,45008,2
2026-08-24T12:59:32+00:00,1,1577165296,22859,1,22693,1,47238,0,46512,31
2026-08-24T13:00:32+00:00,1,1576800484,24645,65,24777,0,48030,0,47048,88
2026-08-24T13:01:32+00:00,1,1564853488,24249,0,24083,0,48386,59,45920,0
2026-08-24T13:02:32+00:00,1,1556000848,23131,67,23247,0,49786,15,48266,14
2026-08-24T13:03:32+00:00,1,1552649720,17267,0,25801,0,53616,0,52394,42
2026-08-24T13:04:33+00:00,1,1518598744,17267,0,17655,0,62316,99,52634,0
2026-08-24T13:05:33+00:00,1,1520796560,19979,0,20623,1,64171,0,62379,42
2026-08-24T13:06:33+00:00,1,1494933632,23163,0,23807,0,51151,2,50329,0
2026-08-24T13:07:33+00:00,1,1483598832,23737,1,24381,0,51179,1,50197,1
2026-08-24T13:08:34+00:00,1,1473005936,22607,0,22995,0,58511,2,54691,2
2026-08-24T13:09:34+00:00,1,1477957608,22567,0,23211,0,61779,86,61011,0
2026-08-24T13:10:34+00:00,1,1465196232,24645,88,25289,66,63103,43,60817,0
2026-08-24T13:11:35+00:00,1,1464014928,24051,0,24695,0,62433,1,61961,7
2026-08-24T13:12:35+00:00,1,1394997120,23159,1,23803,1,63621,95,63109,74
2026-08-24T13:13:35+00:00,1,1463268476,23733,0,23113,8,62395,0,61721,2
2026-08-24T13:14:35+00:00,1,1456708120,25157,5,25545,5,63877,64,63205,100
2026-08-24T13:15:36+00:00,1,1435899936,23955,0,25545,91,62191,0,61423,0
2026-08-24T13:16:36+00:00,1,1442572752,17011,0,17399,0,62985,0,63027,39
2026-08-24T13:17:36+00:00,1,1451418444,18581,0,18711,0,58231,0,58839,0
2026-08-24T13:18:36+00:00,1,1448754432,22453,1,23041,0,60162,1,60363,0
2026-08-24T13:19:37+00:00,1,1446992608,21881,1,22011,1,61491,31,61545,100
2026-08-24T13:20:37+00:00,1,1433397316,24391,0,24521,56,63799,99,64055,100
2026-08-24T13:21:37+00:00,1,1419712036,23487,0,23967,0,71387,100,71602,100
2026-08-24T13:22:38+00:00,1,1441706024,22353,1,22981,1,60593,0,62790,70
2026-08-24T13:23:38+00:00,1,1439444592,24391,0,23039,0,61425,0,61640,2
2026-08-24T13:24:38+00:00,1,1438433352,23749,0,24129,0,62231,5,62746,0
2026-08-24T13:25:39+00:00,1,1436443092,22311,1,22739,22,62825,0,62744,0
2026-08-24T13:26:39+00:00,1,1433026004,24391,24,24777,23,63621,0,63636,0
2026-08-24T13:27:39+00:00,1,1406927812,23701,2,24479,80,61539,2,64484,90
2026-08-24T13:28:39+00:00,1,1437010084,20251,0,21029,0,61073,95,60146,2
2026-08-24T13:29:40+00:00,1,1418056076,14965,0,15095,0,60173,91,61372,0
2026-08-24T13:30:40+00:00,1,1388401172,31717,95,31821,98,70589,75,70376,98
2026-08-24T13:31:40+00:00,1,1433010308,20823,3,21303,73,58369,0,57680,1
2026-08-24T13:32:40+00:00,1,1430003756,20899,2,21285,0,59165,1,60468,49
2026-08-24T13:33:40+00:00,1,1415065624,20977,1,21321,1,62559,22,63328,99
2026-08-24T13:34:41+00:00,1,1427791808,23367,0,24009,21,58249,0,58154,6
2026-08-24T13:35:41+00:00,1,1422281188,22421,0,22861,0,59257,4,58704,8
2026-08-24T13:36:41+00:00,1,1420060844,21543,3,22143,0,61747,83,61140,8
2026-08-24T13:37:42+00:00,1,1419335276,23623,0,25033,0,62371,84,61628,19
2026-08-24T13:38:42+00:00,1,1417658840,22637,2,23749,0,62907,0,62086,3
2026-08-24T13:39:42+00:00,1,1411931112,21311,0,23847,0,63461,0,62478,100
2026-08-24T13:40:43+00:00,1,1407857388,23879,0,24991,43,64173,5,60355,2
2026-08-24T13:41:43+00:00,1,1405253016,22691,0,23965,1,61895,2,61342,0
2026-08-24T13:42:44+00:00,1,1396548836,16245,0,26057,0,62391,2,62260,3
2026-08-24T13:43:44+00:00,1,1390253164,16245,0,17911,0,63753,1,62556,99
2026-08-24T13:44:44+00:00,1,1400499832,18069,0,19223,0,59863,27,58839,13
2026-08-24T13:45:45+00:00,1,1323652064,23879,0,25033,0,64782,0,64056,99
2026-08-24T13:46:45+00:00,1,1382088080,22975,0,24223,83,61840,0,60950,2
2026-08-24T13:47:45+00:00,1,1821544252,21787,3,22941,1,22167,0,21409,0
2026-08-24T13:48:45+00:00,1,1821413756,23583,0,24737,0,24855,0,23799,87
2026-08-24T13:49:45+00:00,1,1817776836,24135,0,25033,99,24005,0,23245,0
2026-08-24T13:50:45+00:00,0,2080732800
