timestamp,mem_available_kib,gpu6_mem_mib,gpu6_util,gpu7_mem_mib,gpu7_util
2026-09-02T14:31:28+00:00,2069702208,0,0,0,0
2026-09-02T14:31:31+00:00,2069377184,4,0,1,0
2026-09-02T14:31:33+00:00,2069169080,4,0,4,0
2026-09-02T14:31:35+00:00,2068854024,4,0,4,0
2026-09-02T14:31:37+00:00,2065962124,4,0,4,0
2026-09-02T14:31:40+00:00,2064043604,4,0,4,0
2026-09-02T14:31:42+00:00,2063345280,4,0,4,0
2026-09-02T14:31:44+00:00,2062851264,4,0,4,0
2026-09-02T14:31:47+00:00,2057645792,525,0,525,0
2026-09-02T14:31:49+00:00,2052873256,525,0,525,0
2026-09-02T14:31:51+00:00,2047945192,1141,0,1141,0
2026-09-02T14:31:53+00:00,2043301956,1195,0,1191,0
2026-09-02T14:31:55+00:00,2039389696,1195,5,1145,0
2026-09-02T14:31:57+00:00,2034920872,1181,1,1145,1
2026-09-02T14:32:00+00:00,2030377592,1150,0,1195,4
2026-09-02T14:32:02+00:00,2025958868,1145,0,1191,1
2026-09-02T14:32:04+00:00,2021690444,1667,2,1949,0
2026-09-02T14:32:06+00:00,2027464368,3527,2,3785,2
2026-09-02T14:32:08+00:00,2032314300,5377,3,5323,6
2026-09-02T14:32:10+00:00,2037539700,6751,3,7113,2
2026-09-02T14:32:13+00:00,2043449576,8623,2,8967,2
2026-09-02T14:32:15+00:00,2049334276,10539,10,10893,1
2026-09-02T14:32:17+00:00,2048156008,11275,1,11225,1
2026-09-02T14:32:19+00:00,2043457588,11225,0,11275,1
2026-09-02T14:32:21+00:00,2041202080,11225,0,11242,0
2026-09-02T14:32:23+00:00,2036548128,11225,0,11230,0
2026-09-02T14:32:26+00:00,2032336984,11225,0,11225,0
2026-09-02T14:32:28+00:00,2027792448,11245,2,11225,0
2026-09-02T14:32:30+00:00,2023333032,11243,0,11225,0
2026-09-02T14:32:32+00:00,2018755712,11225,0,11267,0
2026-09-02T14:32:34+00:00,2014395248,11225,0,11267,5
2026-09-02T14:32:36+00:00,2009979948,11240,0,11271,1
2026-09-02T14:32:38+00:00,2007231384,11267,0,11225,0
2026-09-02T14:32:41+00:00,2007233784,11267,6,11225,0
2026-09-02T14:32:43+00:00,2006125244,11257,1,13229,1
2026-09-02T14:32:45+00:00,2019395732,13698,2,15165,5
2026-09-02T14:32:47+00:00,2028915652,15869,3,17677,2
2026-09-02T14:32:49+00:00,2040238144,18781,3,20221,3
2026-09-02T14:32:51+00:00,2050711556,21727,2,22063,0
2026-09-02T14:32:54+00:00,2048468364,22063,0,22063,0
2026-09-02T14:32:56+00:00,2049273688,22637,3,23419,0
2026-09-02T14:32:58+00:00,2051095512,23419,0,23419,0
2026-09-02T14:33:00+00:00,2048178736,23631,0,25535,0
2026-09-02T14:33:02+00:00,2039964668,25535,0,25535,0
2026-09-02T14:33:04+00:00,2029765528,25535,0,25535,0
2026-09-02T14:33:06+00:00,2037220308,25535,23,25535,0
2026-09-02T14:33:08+00:00,2042452444,25535,8,25535,9
2026-09-02T14:33:11+00:00,2033522180,25535,8,25535,8
2026-09-02T14:33:13+00:00,2026695808,25535,9,25535,8
2026-09-02T14:33:15+00:00,2017878188,25535,9,25535,8
2026-09-02T14:33:17+00:00,2009432760,25535,9,1667,0
2026-09-02T14:33:19+00:00,2006099908,1667,0,1667,0
2026-09-02T14:33:21+00:00,2002034036,1667,0,1667,0
2026-09-02T14:33:23+00:00,1997742236,1667,0,1667,0
2026-09-02T14:33:25+00:00,1993396548,1667,0,1667,0
2026-09-02T14:33:28+00:00,1989098020,1667,0,1667,0
2026-09-02T14:33:30+00:00,1984776080,1667,0,1667,0
2026-09-02T14:33:32+00:00,1980445756,1667,0,1667,0
2026-09-02T14:33:34+00:00,1976123728,1667,0,1667,0
2026-09-02T14:33:36+00:00,1971780396,1667,0,1667,0
2026-09-02T14:33:38+00:00,1970576752,3005,2,1667,0
2026-09-02T14:33:40+00:00,1976923156,5291,2,3527,1
2026-09-02T14:33:42+00:00,1983147136,7459,2,5345,2
2026-09-02T14:33:45+00:00,1991632588,10305,4,7915,4
2026-09-02T14:33:47+00:00,1995059096,11225,0,10101,2
2026-09-02T14:33:49+00:00,1993778296,11225,0,11225,0
2026-09-02T14:33:51+00:00,1989572188,11225,0,11225,0
2026-09-02T14:33:53+00:00,1985842340,11225,0,11225,0
2026-09-02T14:33:55+00:00,1981543656,11225,0,11225,0
2026-09-02T14:33:57+00:00,1977188852,11225,0,11225,0
2026-09-02T14:33:59+00:00,1972840112,11225,0,11225,0
2026-09-02T14:34:01+00:00,1968571708,11225,0,11225,0
2026-09-02T14:34:04+00:00,1964206832,11225,0,11225,0
2026-09-02T14:34:06+00:00,1959875492,11225,0,11225,0
2026-09-02T14:34:08+00:00,1956774064,11225,0,11225,0
2026-09-02T14:34:10+00:00,1954610744,11225,0,11225,0
2026-09-02T14:34:12+00:00,1958584240,13597,4,11225,0
2026-09-02T14:34:14+00:00,1965155188,16829,3,13229,0
2026-09-02T14:34:16+00:00,1977431576,19981,4,14173,4
2026-09-02T14:34:18+00:00,1987987964,22063,0,17037,2
2026-09-02T14:34:21+00:00,1991502880,22063,0,19885,3
2026-09-02T14:34:23+00:00,1998222340,23419,0,22063,3
2026-09-02T14:34:25+00:00,1997013636,23419,0,22063,0
2026-09-02T14:34:27+00:00,1994719804,25535,0,22979,4
2026-09-02T14:34:29+00:00,1990707600,25535,0,23419,0
2026-09-02T14:34:31+00:00,1984649588,25535,0,23451,0
2026-09-02T14:34:33+00:00,1993320624,30169,1,25535,0
2026-09-02T14:34:35+00:00,1987501616,35635,8,25535,0
2026-09-02T14:34:37+00:00,1978997692,35635,8,25535,0
2026-09-02T14:34:40+00:00,1986750196,1763,0,25627,1
2026-09-02T14:34:42+00:00,1986678928,1763,0,35633,8
2026-09-02T14:34:44+00:00,1982616304,1763,0,35633,7
2026-09-02T14:34:46+00:00,1978518808,1763,0,3787,5
2026-09-02T14:34:48+00:00,1978299572,12893,22,9763,18
2026-09-02T14:34:50+00:00,1984859432,14971,0,14971,100
2026-09-02T14:34:52+00:00,1982999292,14971,11,14971,9
2026-09-02T14:34:54+00:00,1978696916,14971,27,14971,12
2026-09-02T14:34:57+00:00,1970983636,14971,9,14971,8
2026-09-02T14:34:59+00:00,1971756416,5520,9,7054,8
2026-09-02T14:35:01+00:00,1981688804,12935,20,19709,19
2026-09-02T14:35:03+00:00,2000017392,27033,19,27033,2
2026-09-02T14:35:05+00:00,1999244524,27033,0,27033,0
2026-09-02T14:35:07+00:00,1998454908,27675,0,27675,0
2026-09-02T14:35:09+00:00,1998041432,30495,2,30495,4
2026-09-02T14:35:12+00:00,1997387928,30495,0,30495,0
2026-09-02T14:35:14+00:00,1996727616,30949,0,30949,0
2026-09-02T14:35:16+00:00,1996644552,30949,0,30949,0
2026-09-02T14:35:18+00:00,1995603764,31302,0,31302,0
2026-09-02T14:35:20+00:00,1995248020,31302,3,31558,4
2026-09-02T14:35:22+00:00,1995016824,31759,3,31759,0
2026-09-02T14:35:25+00:00,1994573956,32368,2,32368,0
2026-09-02T14:35:27+00:00,1994228940,32368,0,32368,0
2026-09-02T14:35:29+00:00,1993613340,32826,0,32826,2
2026-09-02T14:35:31+00:00,1993331544,32826,0,33186,76
2026-09-02T14:35:33+00:00,1992486284,33442,0,33442,0
2026-09-02T14:35:35+00:00,1992012324,33698,2,33764,0
2026-09-02T14:35:38+00:00,1991773308,33900,0,33900,0
2026-09-02T14:35:40+00:00,1990835484,34506,0,34506,0
2026-09-02T14:35:42+00:00,1990639120,34506,0,34506,0
2026-09-02T14:35:44+00:00,1990166852,34964,0,34964,3
2026-09-02T14:35:46+00:00,1989993704,35060,51,35316,3
2026-09-02T14:35:48+00:00,1989350108,35316,0,35316,0
2026-09-02T14:35:50+00:00,1988470736,35572,3,35774,0
2026-09-02T14:35:53+00:00,1988206668,35774,0,36030,0
2026-09-02T14:35:55+00:00,1987622192,36384,0,36384,0
2026-09-02T14:35:57+00:00,1987498020,36384,0,36384,3
2026-09-02T14:35:59+00:00,1987236384,36842,0,36842,0
2026-09-02T14:36:01+00:00,1986977080,37268,0,37268,0
2026-09-02T14:36:03+00:00,1986796788,37922,33,37922,33
2026-09-02T14:36:06+00:00,1986769324,38002,0,38002,0
2026-09-02T14:36:08+00:00,1986704432,38002,0,38002,0
2026-09-02T14:36:10+00:00,1986708728,38002,0,38002,84
2026-09-02T14:36:12+00:00,1986672060,38002,75,38002,0
2026-09-02T14:36:14+00:00,1986502256,38004,40,38004,33
2026-09-02T14:36:16+00:00,1986449968,38004,0,38004,0
2026-09-02T14:36:19+00:00,1986437184,38004,0,38004,0
2026-09-02T14:36:21+00:00,1986431768,38004,98,38004,98
2026-09-02T14:36:23+00:00,1986399900,38004,43,38004,69
2026-09-02T14:36:25+00:00,1986354056,38004,0,38004,0
2026-09-02T14:36:27+00:00,1986360344,38004,0,38004,0
2026-09-02T14:36:29+00:00,1986366292,38004,96,38004,0
2026-09-02T14:36:31+00:00,1986335248,38004,34,38004,76
2026-09-02T14:36:34+00:00,1986302628,38004,0,38004,34
2026-09-02T14:36:36+00:00,1986268636,38004,23,38004,0
2026-09-02T14:36:38+00:00,1986257388,38004,62,38004,0
2026-09-02T14:36:40+00:00,1986236532,38004,34,38004,76
2026-09-02T14:36:42+00:00,1986179680,38004,0,38004,53
2026-09-02T14:36:44+00:00,1986116216,38004,0,38004,0
2026-09-02T14:36:46+00:00,1986127896,38004,0,38004,0
2026-09-02T14:36:49+00:00,1986114452,38004,79,38004,83
2026-09-02T14:36:51+00:00,1986125108,38004,33,38004,15
2026-09-02T14:36:53+00:00,1986093836,38004,0,38004,34
2026-09-02T14:36:55+00:00,1986060012,38004,0,38004,0
2026-09-02T14:36:57+00:00,1986058432,38004,89,38004,0
2026-09-02T14:36:59+00:00,1986045404,38004,33,38004,95
2026-09-02T14:37:02+00:00,1985992244,38004,0,38004,34
2026-09-02T14:37:04+00:00,1985951492,38004,0,38004,0
2026-09-02T14:37:06+00:00,1985952108,38004,82,38004,0
2026-09-02T14:37:08+00:00,1985961388,38004,0,38004,94
2026-09-02T14:37:10+00:00,1985956012,38004,34,38004,34
2026-09-02T14:37:12+00:00,1985932296,38004,0,38004,0
2026-09-02T14:37:14+00:00,1985921180,38004,0,38004,0
2026-09-02T14:37:17+00:00,1985917380,38004,97,38004,95
2026-09-02T14:37:19+00:00,1985876216,38004,1,38004,34
2026-09-02T14:37:21+00:00,1985629376,36706,0,34282,0
2026-09-02T14:37:23+00:00,1985715772,31074,0,30306,0
2026-09-02T14:37:25+00:00,1984999516,30306,0,30306,0
2026-09-02T14:37:27+00:00,1984910120,30306,1,30764,0
2026-09-02T14:37:30+00:00,1984713388,30764,1,30860,0
2026-09-02T14:37:32+00:00,1984059168,31372,3,31372,0
2026-09-02T14:37:34+00:00,1983582716,31372,0,31830,0
2026-09-02T14:37:36+00:00,1983132888,31830,2,31926,80
2026-09-02T14:37:38+00:00,1982224592,32182,0,32182,0
2026-09-02T14:37:40+00:00,1981757508,32182,2,32640,0
2026-09-02T14:37:42+00:00,1981558056,32640,0,32990,0
2026-09-02T14:37:45+00:00,1980720508,33246,0,33246,0
2026-09-02T14:37:47+00:00,1980517748,33246,0,33704,0
2026-09-02T14:37:49+00:00,1979964176,33704,0,33704,0
2026-09-02T14:37:51+00:00,1979128840,34060,1,34060,0
2026-09-02T14:37:53+00:00,1978588660,34060,0,34638,1
2026-09-02T14:37:55+00:00,1978215748,34774,0,34774,0
2026-09-02T14:37:58+00:00,1977672964,34774,0,35124,0
2026-09-02T14:38:00+00:00,1976843844,35124,0,35380,0
2026-09-02T14:38:02+00:00,1976692696,35380,4,35838,4
2026-09-02T14:38:04+00:00,1976361308,35838,0,35934,0
2026-09-02T14:38:06+00:00,1975624388,35934,0,35934,0
2026-09-02T14:38:08+00:00,1975473544,35934,0,36648,0
2026-09-02T14:38:10+00:00,1974924436,36648,1,37003,86
2026-09-02T14:38:13+00:00,1974525452,37003,80,37003,0
2026-09-02T14:38:15+00:00,1973897356,37003,0,37716,0
2026-09-02T14:38:17+00:00,1973374052,37716,7,37716,0
2026-09-02T14:38:19+00:00,1973335744,37716,9,38069,34
2026-09-02T14:38:21+00:00,1973201924,38069,42,38069,0
2026-09-02T14:38:23+00:00,1973185248,38069,0,38069,0
2026-09-02T14:38:26+00:00,1973173932,38069,47,38069,84
2026-09-02T14:38:28+00:00,1973172060,38069,85,38069,33
2026-09-02T14:38:30+00:00,1973131292,38069,0,38069,0
2026-09-02T14:38:32+00:00,1973120620,38069,0,38069,0
2026-09-02T14:38:34+00:00,1973118812,38069,0,38069,0
2026-09-02T14:38:36+00:00,1973090688,38069,100,38069,32
2026-09-02T14:38:38+00:00,1973067112,38069,0,38069,0
2026-09-02T14:38:41+00:00,1973053772,38069,0,38069,0
2026-09-02T14:38:43+00:00,1973048156,38069,0,38069,79
2026-09-02T14:38:45+00:00,1973021856,38069,93,38069,33
2026-09-02T14:38:47+00:00,1972969136,38069,34,38069,0
2026-09-02T14:38:49+00:00,1972944660,38069,0,38069,29
2026-09-02T14:38:51+00:00,1972944368,38069,95,38069,0
2026-09-02T14:38:53+00:00,1972920272,38069,59,38069,14
2026-09-02T14:38:56+00:00,1972888336,38069,39,38069,0
2026-09-02T14:38:58+00:00,1972879520,38069,0,38069,0
2026-09-02T14:39:00+00:00,1972885340,38069,0,38069,37
2026-09-02T14:39:02+00:00,1972864340,38069,93,38069,4
2026-09-02T14:39:04+00:00,1972834840,38069,80,38069,0
2026-09-02T14:39:06+00:00,1972825128,38069,28,38069,0
2026-09-02T14:39:09+00:00,1972778828,38069,0,38069,0
2026-09-02T14:39:11+00:00,1972779356,38069,0,38069,93
2026-09-02T14:39:13+00:00,1972761056,38069,82,38069,0
2026-09-02T14:39:15+00:00,1972744780,38069,38,38069,0
2026-09-02T14:39:17+00:00,1972737308,38069,0,38069,22
2026-09-02T14:39:19+00:00,1972730816,38069,0,38069,89
2026-09-02T14:39:21+00:00,1972720004,38069,97,38069,33
2026-09-02T14:39:24+00:00,1972719660,38069,86,38069,0
2026-09-02T14:39:26+00:00,1972696836,38069,42,38069,0
2026-09-02T14:39:28+00:00,1972662184,38069,0,38069,100
2026-09-02T14:39:30+00:00,1972651404,38069,0,37773,1
2026-09-02T14:39:32+00:00,1972653460,38069,100,32402,0
2026-09-02T14:39:34+00:00,1972475320,38069,34,30306,0
2026-09-02T14:39:37+00:00,1973648004,35346,0,30306,2
2026-09-02T14:39:39+00:00,1974158080,30306,1,30764,0
2026-09-02T14:39:41+00:00,1973785952,30306,0,31373,0
2026-09-02T14:39:43+00:00,1974193668,30764,0,31373,3
2026-09-02T14:39:45+00:00,1974170752,30860,25,31830,4
2026-09-02T14:39:47+00:00,1973853192,31373,0,32183,0
2026-09-02T14:39:49+00:00,1974141552,31830,0,32183,0
2026-09-02T14:39:52+00:00,1974145380,31830,0,32640,3
2026-09-02T14:39:54+00:00,1973530288,32183,0,32991,5
2026-09-02T14:39:56+00:00,1974109848,32504,3,32991,0
2026-09-02T14:39:58+00:00,1974123844,32897,0,33704,0
2026-09-02T14:40:00+00:00,1973618556,33247,0,34057,5
2026-09-02T14:40:02+00:00,1974148504,33247,3,34057,0
2026-09-02T14:40:05+00:00,1974130332,33704,2,34770,1
2026-09-02T14:40:07+00:00,1973865412,34057,0,34864,66
2026-09-02T14:40:09+00:00,1973948788,34057,0,35121,0
2026-09-02T14:40:11+00:00,1973683564,34770,0,35834,0
2026-09-02T14:40:13+00:00,1973492964,34864,0,35930,87
2026-09-02T14:40:15+00:00,1973206188,35121,0,35930,0
2026-09-02T14:40:18+00:00,1972866500,35916,2,36644,0
2026-09-02T14:40:20+00:00,1972859396,35834,0,36901,3
2026-09-02T14:40:22+00:00,1971879584,35930,0,36999,0
2026-09-02T14:40:24+00:00,1972105644,35930,0,37577,3
2026-09-02T14:40:26+00:00,1972021112,36644,0,37712,0
2026-09-02T14:40:28+00:00,1971772876,36999,0,38069,34
2026-09-02T14:40:31+00:00,1971453008,36999,0,38069,0
2026-09-02T14:40:33+00:00,1971133236,37712,0,38069,0
2026-09-02T14:40:35+00:00,1971083356,37712,0,38069,100
2026-09-02T14:40:37+00:00,1971014400,38069,43,38069,34
2026-09-02T14:40:39+00:00,1971007616,38069,0,38069,0
2026-09-02T14:40:41+00:00,1971006292,38069,69,38069,55
2026-09-02T14:40:43+00:00,1970999216,38069,27,38069,82
2026-09-02T14:40:46+00:00,1970966016,38069,0,38069,100
2026-09-02T14:40:48+00:00,1970956972,38069,0,38069,34
2026-09-02T14:40:50+00:00,1971023872,38069,0,38069,0
2026-09-02T14:40:52+00:00,1971017528,38069,99,38069,0
2026-09-02T14:40:54+00:00,1970981952,38069,2,38069,26
2026-09-02T14:40:56+00:00,1970984020,38069,0,38069,33
2026-09-02T14:40:58+00:00,1970965868,38069,0,38069,0
2026-09-02T14:41:01+00:00,1970955828,38069,86,38069,81
2026-09-02T14:41:03+00:00,1970972692,38069,35,38069,0
2026-09-02T14:41:05+00:00,1970945476,38069,99,38069,95
2026-09-02T14:41:07+00:00,1970906572,38069,67,38069,0
2026-09-02T14:41:09+00:00,1970900400,38069,99,38069,0
2026-09-02T14:41:11+00:00,1970884492,38069,33,38069,35
2026-09-02T14:41:14+00:00,1970853084,38069,0,38069,100
2026-09-02T14:41:16+00:00,1970846432,38069,0,38069,34
2026-09-02T14:41:18+00:00,1970844936,38069,0,38069,0
2026-09-02T14:41:20+00:00,1970843284,38069,35,38069,79
2026-09-02T14:41:22+00:00,1970827344,38069,0,38069,0
2026-09-02T14:41:24+00:00,1970832412,38069,0,38069,38
2026-09-02T14:41:26+00:00,1970810060,38069,0,38069,0
2026-09-02T14:41:29+00:00,1970808708,38069,88,38069,63
2026-09-02T14:41:31+00:00,1970765652,38069,29,38069,57
2026-09-02T14:41:33+00:00,1970776148,38069,94,38069,34
2026-09-02T14:41:35+00:00,1970758440,38069,100,38069,0
2026-09-02T14:41:37+00:00,1970739868,38069,29,38069,70
2026-09-02T14:41:39+00:00,1970737236,38069,97,38069,0
2026-09-02T14:41:42+00:00,1970721712,38069,34,38069,92
2026-09-02T14:41:44+00:00,1971492308,34282,0,37773,1
2026-09-02T14:41:46+00:00,1971943520,30306,3,32406,0
2026-09-02T14:41:48+00:00,1971918084,30306,0,30306,0
2026-09-02T14:41:50+00:00,1972293744,30764,0,30306,3
2026-09-02T14:41:52+00:00,1972279792,30860,3,30764,0
2026-09-02T14:41:54+00:00,1971872624,31373,0,31373,0
2026-09-02T14:41:57+00:00,1972303072,31830,2,31373,0
2026-09-02T14:41:59+00:00,1972085680,31926,83,31830,3
2026-09-02T14:42:01+00:00,1971109960,32183,0,32183,0
2026-09-02T14:42:03+00:00,1971170212,32505,0,32183,0
2026-09-02T14:42:05+00:00,1971169300,32897,3,32640,3
2026-09-02T14:42:07+00:00,1970410800,32991,0,32991,4
2026-09-02T14:42:10+00:00,1969735312,33247,0,32991,0
2026-09-02T14:42:12+00:00,1969346200,33704,3,33704,0
2026-09-02T14:42:14+00:00,1969163916,34061,0,34061,0
2026-09-02T14:42:16+00:00,1968471352,34061,0,34061,0
2026-09-02T14:42:18+00:00,1967808564,34774,2,34774,4
2026-09-02T14:42:20+00:00,1967701348,34868,72,34774,3
2026-09-02T14:42:22+00:00,1966862020,35125,0,35125,0
2026-09-02T14:42:25+00:00,1966376256,35838,4,35381,1
2026-09-02T14:42:27+00:00,1966241692,35838,11,35838,0
2026-09-02T14:42:29+00:00,1965402664,35934,0,35934,0
2026-09-02T14:42:31+00:00,1965143076,36191,2,35934,0
2026-09-02T14:42:33+00:00,1964874084,36648,4,36648,0
2026-09-02T14:42:35+00:00,1964514812,37003,0,37003,1
2026-09-02T14:42:37+00:00,1964011884,37003,0,37003,0
2026-09-02T14:42:40+00:00,1963438680,37716,0,37716,0
2026-09-02T14:42:42+00:00,1963200160,38045,4,37997,0
2026-09-02T14:42:44+00:00,1963152588,38069,12,38069,34
2026-09-02T14:42:46+00:00,1963155944,38069,0,38069,0
2026-09-02T14:42:48+00:00,1963164400,38069,0,38069,25
2026-09-02T14:42:50+00:00,1963162716,38069,0,38069,99
2026-09-02T14:42:53+00:00,1963154980,38069,0,38069,0
2026-09-02T14:42:55+00:00,1963159512,38069,80,38069,0
2026-09-02T14:42:57+00:00,1963148484,38069,91,38069,99
2026-09-02T14:42:59+00:00,1963137696,38069,38,38069,98
2026-09-02T14:43:01+00:00,1963111252,38069,0,38069,0
2026-09-02T14:43:03+00:00,1963096244,38069,0,38069,0
2026-09-02T14:43:05+00:00,1963102712,38069,96,38069,0
2026-09-02T14:43:08+00:00,1963103104,38069,91,38069,100
2026-09-02T14:43:10+00:00,1963100756,38069,34,38069,39
2026-09-02T14:43:12+00:00,1963083056,38069,0,38069,0
2026-09-02T14:43:14+00:00,1963088232,38069,0,38069,0
2026-09-02T14:43:16+00:00,1963076120,38069,46,38069,0
2026-09-02T14:43:18+00:00,1963069148,38069,33,38069,95
2026-09-02T14:43:21+00:00,1963038184,38069,0,38069,11
2026-09-02T14:43:23+00:00,1963033512,38069,0,38069,0
2026-09-02T14:43:25+00:00,1963037292,38069,0,38069,48
2026-09-02T14:43:27+00:00,1963040244,38069,48,38069,1
2026-09-02T14:43:29+00:00,1963011440,38069,0,38069,34
2026-09-02T14:43:31+00:00,1963003216,38069,0,38069,0
2026-09-02T14:43:33+00:00,1962992656,38069,87,38069,56
2026-09-02T14:43:36+00:00,1963002528,38069,98,38069,0
2026-09-02T14:43:38+00:00,1962993376,38069,29,38069,14
2026-09-02T14:43:40+00:00,1962962376,38069,17,38069,0
2026-09-02T14:43:42+00:00,1962957792,38069,0,38069,0
2026-09-02T14:43:44+00:00,1962962548,38069,78,38069,79
2026-09-02T14:43:46+00:00,1962954072,38069,99,38069,78
2026-09-02T14:43:48+00:00,1962970312,38069,92,38069,33
2026-09-02T14:43:51+00:00,1962963088,37773,15,38069,0
2026-09-02T14:43:53+00:00,1963522304,32658,2,38069,0
2026-09-02T14:43:55+00:00,1963525080,30306,0,38069,1
2026-09-02T14:43:57+00:00,1963914512,30306,3,36962,0
2026-09-02T14:43:59+00:00,1964004476,30764,0,31074,4
2026-09-02T14:44:01+00:00,1963237104,31373,0,30306,0
2026-09-02T14:44:04+00:00,1963935852,31373,0,30764,3
2026-09-02T14:44:06+00:00,1964004240,31830,2,30764,0
2026-09-02T14:44:08+00:00,1963291140,32183,0,31373,0
2026-09-02T14:44:10+00:00,1964018672,32183,0,31629,4
2026-09-02T14:44:12+00:00,1964041928,32640,0,31830,0
2026-09-02T14:44:14+00:00,1963631196,32991,3,32183,0
2026-09-02T14:44:17+00:00,1964061300,32991,0,32183,3
2026-09-02T14:44:19+00:00,1964036708,33704,0,32640,0
2026-09-02T14:44:21+00:00,1963632852,34057,1,32991,0
2026-09-02T14:44:23+00:00,1964046172,34057,0,33247,3
2026-09-02T14:44:25+00:00,1964059424,34770,0,33704,2
2026-09-02T14:44:27+00:00,1963635780,34864,0,34057,0
2026-09-02T14:44:29+00:00,1964058732,35121,0,34313,1
2026-09-02T14:44:32+00:00,1963831700,35834,0,34770,0
2026-09-02T14:44:34+00:00,1963294276,35882,0,35121,0
2026-09-02T14:44:36+00:00,1962473020,35930,0,35121,0
2026-09-02T14:44:38+00:00,1962255120,36508,3,35834,0
2026-09-02T14:44:40+00:00,1962076984,36644,0,35930,3
2026-09-02T14:44:43+00:00,1961332500,36999,0,35930,0
2026-09-02T14:44:45+00:00,1960853228,37255,2,36644,3
2026-09-02T14:44:47+00:00,1960671236,37712,0,36995,33
2026-09-02T14:44:49+00:00,1960245572,38069,34,36999,0
2026-09-02T14:44:51+00:00,1959937848,38069,0,37712,7
2026-09-02T14:44:53+00:00,1959862500,38069,59,37712,9
2026-09-02T14:44:55+00:00,1959776348,38069,90,38069,33
2026-09-02T14:44:58+00:00,1959781972,38069,34,38069,0
2026-09-02T14:45:00+00:00,1959773384,38069,0,38069,27
2026-09-02T14:45:02+00:00,1959773788,38069,0,38069,80
2026-09-02T14:45:04+00:00,1959764684,38069,95,38069,0
2026-09-02T14:45:06+00:00,1959766324,38069,43,38069,0
2026-09-02T14:45:08+00:00,1959770256,38069,0,38069,54
2026-09-02T14:45:10+00:00,1959767704,38069,89,38069,33
2026-09-02T14:45:13+00:00,1959771868,38069,58,38069,0
2026-09-02T14:45:15+00:00,1959758008,38069,35,38069,0
2026-09-02T14:45:17+00:00,1959730696,38069,0,38069,0
2026-09-02T14:45:19+00:00,1959731456,38069,0,38069,84
2026-09-02T14:45:21+00:00,1959732644,38069,81,38069,32
2026-09-02T14:45:23+00:00,1959720312,38069,35,38069,0
2026-09-02T14:45:26+00:00,1959702472,38069,0,38069,0
2026-09-02T14:45:28+00:00,1959703784,38069,0,38069,55
2026-09-02T14:45:30+00:00,1959704632,38069,91,38069,25
2026-09-02T14:45:32+00:00,1959697820,38069,34,38069,34
2026-09-02T14:45:34+00:00,1959663304,38069,0,38069,0
2026-09-02T14:45:36+00:00,1959644732,38069,0,38069,0
2026-09-02T14:45:38+00:00,1959629040,38069,83,38069,35
2026-09-02T14:45:41+00:00,1959621496,38069,100,38069,99
2026-09-02T14:45:43+00:00,1959601188,38069,34,38069,32
2026-09-02T14:45:45+00:00,1959585296,38069,0,38069,0
2026-09-02T14:45:47+00:00,1959601816,38069,0,38069,0
2026-09-02T14:45:49+00:00,1959596348,38069,85,38069,99
2026-09-02T14:45:51+00:00,1959571428,38069,100,38069,33
2026-09-02T14:45:54+00:00,1959457156,38069,0,38069,0
2026-09-02T14:45:56+00:00,1959449012,38069,90,38069,0
2026-09-02T14:45:58+00:00,1959456336,38069,17,38069,53
2026-09-02T14:46:00+00:00,1959449492,38069,100,38069,65
2026-09-02T14:46:02+00:00,1959414016,37773,8,38069,34
2026-09-02T14:46:04+00:00,1959752892,32662,2,38069,0
2026-09-02T14:46:06+00:00,1959698520,30306,0,38069,24
2026-09-02T14:46:09+00:00,1960100688,30306,2,38069,92
2026-09-02T14:46:11+00:00,1960089356,30764,0,38069,34
2026-09-02T14:46:13+00:00,1960445504,31373,5,34282,2
2026-09-02T14:46:15+00:00,1960611668,31373,0,30306,0
2026-09-02T14:46:17+00:00,1960910004,31830,3,30306,0
2026-09-02T14:46:19+00:00,1960876288,31930,0,30764,0
2026-09-02T14:46:22+00:00,1960869872,32187,0,31373,3
2026-09-02T14:46:24+00:00,1960865240,32644,0,31373,0
2026-09-02T14:46:26+00:00,1960816344,32995,72,31830,0
2026-09-02T14:46:28+00:00,1960816840,33251,0,32187,2
2026-09-02T14:46:30+00:00,1960837592,33708,0,32187,0
2026-09-02T14:46:32+00:00,1960836980,33965,0,32644,0
2026-09-02T14:46:35+00:00,1960415512,34065,0,32995,0
2026-09-02T14:46:37+00:00,1960718308,34778,3,33251,0
2026-09-02T14:46:39+00:00,1960829064,34778,0,33708,1
2026-09-02T14:46:41+00:00,1960406136,35129,0,34065,52
2026-09-02T14:46:43+00:00,1960821040,35385,3,34065,0
2026-09-02T14:46:45+00:00,1960816332,35842,0,34778,0
2026-09-02T14:46:47+00:00,1960419540,35938,0,34872,82
2026-09-02T14:46:50+00:00,1960801380,35938,0,35129,0
2026-09-02T14:46:52+00:00,1960790352,36652,0,35842,0
2026-09-02T14:46:54+00:00,1960776096,37007,3,35890,1
2026-09-02T14:46:56+00:00,1960642148,37007,0,35938,0
2026-09-02T14:46:58+00:00,1960205236,37720,0,36652,1
2026-09-02T14:47:00+00:00,1960196692,38073,4,36909,5
2026-09-02T14:47:03+00:00,1959788544,38073,26,37007,0
2026-09-02T14:47:05+00:00,1959963624,38073,0,37263,3
2026-09-02T14:47:07+00:00,1959941192,38073,0,37720,4
2026-09-02T14:47:09+00:00,1959849064,38073,35,38073,33
2026-09-02T14:47:11+00:00,1959835044,38073,0,38073,0
2026-09-02T14:47:13+00:00,1959831464,38073,0,38073,0
2026-09-02T14:47:15+00:00,1959837012,38073,0,38073,87
2026-09-02T14:47:18+00:00,1959819712,38073,34,38073,33
2026-09-02T14:47:20+00:00,1959787188,38073,0,38073,0
2026-09-02T14:47:22+00:00,1959786752,38073,0,38073,53
2026-09-02T14:47:24+00:00,1959786616,38073,82,38073,85
2026-09-02T14:47:26+00:00,1959786324,38073,34,38073,40
2026-09-02T14:47:28+00:00,1959774412,38073,0,38073,0
2026-09-02T14:47:31+00:00,1959762448,38073,25,38073,34
2026-09-02T14:47:33+00:00,1959759624,38073,88,38073,0
2026-09-02T14:47:35+00:00,1959757820,38073,100,38073,100
2026-09-02T14:47:37+00:00,1959716824,38073,6,38073,0
2026-09-02T14:47:39+00:00,1959720092,38073,0,38073,0
2026-09-02T14:47:41+00:00,1959778188,38073,0,38073,0
2026-09-02T14:47:44+00:00,1959784336,38073,44,38073,95
2026-09-02T14:47:46+00:00,1959752056,38073,34,38073,32
2026-09-02T14:47:48+00:00,1959718136,38073,37,38073,0
2026-09-02T14:47:50+00:00,1959722800,38073,0,38073,0
2026-09-02T14:47:52+00:00,1959727632,38073,88,38073,47
2026-09-02T14:47:54+00:00,1959714752,38073,34,38073,55
2026-09-02T14:47:56+00:00,1959686188,38073,0,38073,0
2026-09-02T14:47:59+00:00,1959682668,38073,83,38073,0
2026-09-02T14:48:01+00:00,1959673088,38073,23,38073,23
2026-09-02T14:48:03+00:00,1959671320,38073,36,38073,100
2026-09-02T14:48:05+00:00,1959658864,38073,0,38073,33
2026-09-02T14:48:07+00:00,1959640908,38073,0,38073,0
2026-09-02T14:48:09+00:00,1959630504,38073,43,38073,91
2026-09-02T14:48:12+00:00,1959620752,38073,43,38073,82
2026-09-02T14:48:14+00:00,1959626304,33904,0,38073,96
2026-09-02T14:48:16+00:00,1959361648,30160,0,38073,43
2026-09-02T14:48:18+00:00,1959739092,30160,0,38073,0
2026-09-02T14:48:20+00:00,1959704712,30618,0,38073,71
2026-09-02T14:48:22+00:00,1959602676,31227,0,38073,63
2026-09-02T14:48:24+00:00,1959707284,31227,0,38073,34
2026-09-02T14:48:27+00:00,1959697120,31684,0,33326,0
2026-09-02T14:48:29+00:00,1959704440,31780,0,30160,0
2026-09-02T14:48:31+00:00,1960126296,32037,0,30160,0
2026-09-02T14:48:33+00:00,1960055300,32494,0,30618,2
2026-09-02T14:48:35+00:00,1959964324,32845,70,31227,3
2026-09-02T14:48:37+00:00,1960064812,32845,0,31227,0
2026-09-02T14:48:40+00:00,1960075592,33558,0,31684,0
2026-09-02T14:48:42+00:00,1960076204,33863,3,32037,2
2026-09-02T14:48:44+00:00,1960088516,33911,0,32037,0
2026-09-02T14:48:46+00:00,1960017192,34624,0,32494,1
2026-09-02T14:48:48+00:00,1960066688,34624,2,32845,0
2026-09-02T14:48:50+00:00,1959667748,34975,0,32845,0
2026-09-02T14:48:53+00:00,1960103816,35487,3,33558,0
2026-09-02T14:48:55+00:00,1960095008,35688,0,33911,1
2026-09-02T14:48:57+00:00,1959681924,35784,0,33911,0
2026-09-02T14:48:59+00:00,1960097328,36041,2,34624,0
2026-09-02T14:49:01+00:00,1960098268,36498,2,34718,14
2026-09-02T14:49:03+00:00,1959823416,36853,0,34975,0
2026-09-02T14:49:05+00:00,1960091780,36853,0,35688,0
2026-09-02T14:49:08+00:00,1960071788,37566,0,35736,1
2026-09-02T14:49:10+00:00,1959902788,37923,51,35784,0
2026-09-02T14:49:12+00:00,1959882348,37923,0,36498,0
2026-09-02T14:49:14+00:00,1959856568,37923,0,36755,1
2026-09-02T14:49:16+00:00,1959455836,37923,0,36853,0
2026-09-02T14:49:18+00:00,1959638972,37923,43,37431,3
2026-09-02T14:49:21+00:00,1959614352,37923,0,37566,0
2026-09-02T14:49:23+00:00,1959487068,37923,0,37923,33
2026-09-02T14:49:25+00:00,1959481996,37923,22,37923,0
2026-09-02T14:49:27+00:00,1959457244,37923,34,37923,70
2026-09-02T14:49:29+00:00,1959443876,37923,0,37923,85
2026-09-02T14:49:31+00:00,1959431680,37923,0,37923,33
2026-09-02T14:49:33+00:00,1959436752,37923,0,37923,0
2026-09-02T14:49:36+00:00,1959436872,37923,64,37923,15
2026-09-02T14:49:38+00:00,1959425732,37923,36,37923,37
2026-09-02T14:49:40+00:00,1959410464,37923,0,37923,25
2026-09-02T14:49:42+00:00,1959408316,37923,0,37923,0
2026-09-02T14:49:44+00:00,1959405692,37923,55,37923,47
2026-09-02T14:49:46+00:00,1959408592,37923,33,37923,91
2026-09-02T14:49:49+00:00,1959400908,37923,0,37923,43
2026-09-02T14:49:51+00:00,1959385132,37923,0,37923,0
2026-09-02T14:49:53+00:00,1959394312,37923,41,37923,0
2026-09-02T14:49:55+00:00,1959395840,37923,43,37923,50
2026-09-02T14:49:57+00:00,1959365388,37923,0,37923,87
2026-09-02T14:49:59+00:00,1959360724,37923,0,37923,0
2026-09-02T14:50:02+00:00,1959360532,37923,0,37923,0
2026-09-02T14:50:04+00:00,1959361556,37923,55,37923,0
2026-09-02T14:50:06+00:00,1959367616,37923,35,37923,82
2026-09-02T14:50:08+00:00,1959350144,37923,28,37923,100
2026-09-02T14:50:10+00:00,1959336004,37923,99,37923,0
2026-09-02T14:50:12+00:00,1959306224,37923,35,37923,0
2026-09-02T14:50:14+00:00,1959286460,37923,100,37923,0
2026-09-02T14:50:17+00:00,1959274504,37923,83,37923,96
2026-09-02T14:50:19+00:00,1959282232,37627,35,37923,33
2026-09-02T14:50:21+00:00,1959286884,32260,0,37923,0
2026-09-02T14:50:23+00:00,1959044912,30160,0,37923,0
2026-09-02T14:50:25+00:00,1959455200,30160,0,37923,0
2026-09-02T14:50:27+00:00,1959447448,30618,3,37923,95
2026-09-02T14:50:30+00:00,1959147360,31227,0,37923,34
2026-09-02T14:50:32+00:00,1959439004,31227,0,37923,0
2026-09-02T14:50:34+00:00,1959433764,31684,0,37923,85
2026-09-02T14:50:36+00:00,1959309668,32037,3,37923,34
2026-09-02T14:50:38+00:00,1959459456,32037,0,36010,2
2026-09-02T14:50:40+00:00,1959858424,32494,0,30160,0
2026-09-02T14:50:43+00:00,1959853736,32845,2,30160,0
2026-09-02T14:50:45+00:00,1959799904,32845,0,30618,0
2026-09-02T14:50:47+00:00,1959779100,33558,0,30642,0
2026-09-02T14:50:49+00:00,1959786420,33915,58,31227,0
2026-09-02T14:50:51+00:00,1959798896,33915,0,31684,4
2026-09-02T14:50:53+00:00,1959785920,34628,0,31684,0
2026-09-02T14:50:55+00:00,1959358756,34698,0,32037,0
2026-09-02T14:50:58+00:00,1959632420,34979,0,32494,3
2026-09-02T14:51:00+00:00,1959654048,35692,7,32751,3
2026-09-02T14:51:02+00:00,1959362112,35692,0,32845,0
2026-09-02T14:51:04+00:00,1959759752,35788,0,33558,0
2026-09-02T14:51:06+00:00,1959751240,36502,4,33891,0
2026-09-02T14:51:08+00:00,1959778348,36759,0,33915,0
2026-09-02T14:51:11+00:00,1959370884,36857,0,34628,0
2026-09-02T14:51:13+00:00,1959628512,37570,7,34652,1
2026-09-02T14:51:15+00:00,1959737860,37570,0,34979,0
2026-09-02T14:51:17+00:00,1959641988,37923,33,35692,4
2026-09-02T14:51:19+00:00,1959634708,37923,0,35692,0
2026-09-02T14:51:21+00:00,1959211328,37923,97,35788,0
2026-09-02T14:51:23+00:00,1959501484,37923,0,36502,2
2026-09-02T14:51:26+00:00,1959601020,37923,33,36759,9
2026-09-02T14:51:28+00:00,1959201080,37923,0,36857,0
2026-09-02T14:51:30+00:00,1959378068,37923,0,37113,5
2026-09-02T14:51:32+00:00,1959341812,37923,96,37570,0
2026-09-02T14:51:34+00:00,1959234384,37923,29,37923,34
2026-09-02T14:51:36+00:00,1959209812,37923,0,37923,0
2026-09-02T14:51:39+00:00,1959211632,37923,41,37923,2
2026-09-02T14:51:41+00:00,1959195712,37923,99,37923,97
2026-09-02T14:51:43+00:00,1959167880,37923,35,37923,33
2026-09-02T14:51:45+00:00,1959147412,37923,0,37923,0
2026-09-02T14:51:47+00:00,1959146052,37923,4,37923,0
2026-09-02T14:51:49+00:00,1959147980,37923,77,37923,77
2026-09-02T14:51:51+00:00,1959129456,37923,34,37923,33
2026-09-02T14:51:54+00:00,1959142936,37923,0,37923,0
2026-09-02T14:51:56+00:00,1959145308,37923,0,37923,0
2026-09-02T14:51:58+00:00,1959129368,37923,74,37923,76
2026-09-02T14:52:00+00:00,1959122520,37923,7,37923,0
2026-09-02T14:52:02+00:00,1959095720,37923,0,37923,33
2026-09-02T14:52:04+00:00,1959069432,37923,93,37923,0
2026-09-02T14:52:07+00:00,1959064148,37923,40,37923,0
2026-09-02T14:52:09+00:00,1959069800,37923,91,37923,92
2026-09-02T14:52:11+00:00,1959048120,37923,0,37923,43
2026-09-02T14:52:13+00:00,1959008008,37923,99,37923,0
2026-09-02T14:52:15+00:00,1959002172,37923,99,37923,64
2026-09-02T14:52:17+00:00,1959014428,37923,35,37923,98
2026-09-02T14:52:20+00:00,1959002940,37923,0,37923,42
2026-09-02T14:52:22+00:00,1958966312,37923,40,37923,0
2026-09-02T14:52:24+00:00,1958965364,36748,0,37923,0
2026-09-02T14:52:26+00:00,1958982608,30160,0,37923,20
2026-09-02T14:52:28+00:00,1959154956,30160,0,37923,38
2026-09-02T14:52:30+00:00,1959169324,30160,2,37923,0
2026-09-02T14:52:33+00:00,1959132044,30618,0,37923,0
2026-09-02T14:52:35+00:00,1959035756,31227,4,37923,46
2026-09-02T14:52:37+00:00,1959135220,31227,0,37923,100
2026-09-02T14:52:39+00:00,1959108416,31684,0,37923,0
2026-09-02T14:52:41+00:00,1959099704,31780,2,37923,0
2026-09-02T14:52:43+00:00,1959119616,32037,0,37923,65
2026-09-02T14:52:45+00:00,1959117420,32494,0,37923,14
2026-09-02T14:52:48+00:00,1959119132,32845,0,37923,34
2026-09-02T14:52:50+00:00,1959139616,32845,0,33070,0
2026-09-02T14:52:52+00:00,1958764528,33558,0,30160,0
2026-09-02T14:52:54+00:00,1959176040,33887,2,30160,0
2026-09-02T14:52:56+00:00,1958729436,33911,0,30618,0
2026-09-02T14:52:58+00:00,1958833408,34624,3,31227,3
2026-09-02T14:53:01+00:00,1959122644,34624,5,31227,0
2026-09-02T14:53:03+00:00,1958698816,34975,0,31684,0
2026-09-02T14:53:05+00:00,1959128320,35231,3,32037,3
2026-09-02T14:53:07+00:00,1959118972,35688,2,32037,0
2026-09-02T14:53:09+00:00,1958744684,35784,0,32494,0
2026-09-02T14:53:11+00:00,1959074128,35784,0,32845,3
2026-09-02T14:53:14+00:00,1959069552,36498,3,32845,0
2026-09-02T14:53:16+00:00,1959030648,36853,2,33558,0
2026-09-02T14:53:18+00:00,1959024032,36853,0,33911,43
2026-09-02T14:53:20+00:00,1959041072,37566,3,33911,0
2026-09-02T14:53:22+00:00,1958925868,37923,86,34624,0
2026-09-02T14:53:24+00:00,1958908396,37923,0,34718,43
2026-09-02T14:53:26+00:00,1958925168,37923,0,34975,0
2026-09-02T14:53:29+00:00,1958912276,37923,41,35688,0
2026-09-02T14:53:31+00:00,1958913260,37923,34,35688,0
2026-09-02T14:53:33+00:00,1958464364,37923,0,35784,0
2026-09-02T14:53:35+00:00,1958830740,37923,0,36580,4
2026-09-02T14:53:37+00:00,1958879356,37923,97,36755,0
2026-09-02T14:53:39+00:00,1958465360,37923,34,36853,0
2026-09-02T14:53:42+00:00,1958851860,37923,0,37109,4
2026-09-02T14:53:44+00:00,1958856256,37923,0,37566,0
2026-09-02T14:53:46+00:00,1958812004,37923,42,37923,43
2026-09-02T14:53:48+00:00,1958811624,37923,100,37923,0
2026-09-02T14:53:50+00:00,1958784760,37923,0,37923,75
2026-09-02T14:53:52+00:00,1958785256,37923,0,37923,95
2026-09-02T14:53:54+00:00,1958776056,37923,55,37923,34
2026-09-02T14:53:57+00:00,1958776984,37923,100,37923,63
2026-09-02T14:53:59+00:00,1958755196,37923,0,37923,84
2026-09-02T14:54:01+00:00,1958748028,37923,0,37923,5
2026-09-02T14:54:03+00:00,1958745568,37923,87,37923,33
2026-09-02T14:54:05+00:00,1958735644,37923,98,37923,0
2026-09-02T14:54:07+00:00,1958734720,37923,29,37923,0
2026-09-02T14:54:10+00:00,1958717100,37923,0,37923,75
2026-09-02T14:54:12+00:00,1958719220,37923,33,37923,80
2026-09-02T14:54:14+00:00,1958708748,37923,79,37923,16
2026-09-02T14:54:16+00:00,1958694272,37923,41,37923,0
2026-09-02T14:54:18+00:00,1958670568,37923,0,37923,0
2026-09-02T14:54:20+00:00,1958656396,37923,56,37923,56
2026-09-02T14:54:22+00:00,1958655060,37923,100,37923,43
2026-09-02T14:54:25+00:00,1958634988,37923,38,37923,0
2026-09-02T14:54:27+00:00,1958624864,37923,0,37923,0
2026-09-02T14:54:29+00:00,1958614552,37923,0,37923,42
2026-09-02T14:54:31+00:00,1958609432,37923,96,37923,100
2026-09-02T14:54:33+00:00,1958598444,37923,43,37923,0
2026-09-02T14:54:35+00:00,1958587092,34040,0,37923,0
2026-09-02T14:54:38+00:00,1958388372,30164,0,37923,0
2026-09-02T14:54:40+00:00,1958108692,30164,0,37923,100
2026-09-02T14:54:42+00:00,1957732204,30622,0,37923,34
2026-09-02T14:54:44+00:00,1957628836,30718,0,37923,0
2026-09-02T14:54:46+00:00,1957291968,31231,0,37923,0
2026-09-02T14:54:48+00:00,1956966516,31688,0,37923,92
2026-09-02T14:54:51+00:00,1956834824,31688,0,37923,1
2026-09-02T14:54:53+00:00,1956129872,32041,0,37923,87
2026-09-02T14:54:55+00:00,1956213216,32363,2,37923,0
2026-09-02T14:54:57+00:00,1956171544,32498,0,37923,99
2026-09-02T14:54:59+00:00,1955713600,32849,0,37923,34
2026-09-02T14:55:01+00:00,1956141884,32849,0,32814,0
2026-09-02T14:55:03+00:00,1955771828,33562,0,30164,0
2026-09-02T14:55:06+00:00,1955996800,33915,0,30164,0
2026-09-02T14:55:08+00:00,1956162692,33915,0,30622,3
2026-09-02T14:55:10+00:00,1955667332,34628,0,31231,3
2026-09-02T14:55:12+00:00,1955696148,34722,0,31231,0
2026-09-02T14:55:14+00:00,1955352116,34979,0,31688,0
2026-09-02T14:55:16+00:00,1955040344,35692,0,32041,5
2026-09-02T14:55:19+00:00,1954976080,35692,0,32041,0
2026-09-02T14:55:21+00:00,1954441992,35788,0,32498,0
2026-09-02T14:55:23+00:00,1954313080,36045,4,32849,1
2026-09-02T14:55:25+00:00,1954242596,36502,0,32849,0
2026-09-02T14:55:27+00:00,1953955876,36857,0,33562,0
2026-09-02T14:55:29+00:00,1953901292,36857,0,33915,46
2026-09-02T14:55:32+00:00,1953504828,37570,1,33915,0
2026-09-02T14:55:34+00:00,1953443684,37923,77,34628,0
2026-09-02T14:55:36+00:00,1953438264,37923,0,34628,0
2026-09-02T14:55:38+00:00,1953415800,37923,0,34979,0
2026-09-02T14:55:40+00:00,1953326756,37923,95,35692,4
2026-09-02T14:55:42+00:00,1953459164,37923,33,35692,10
2026-09-02T14:55:44+00:00,1953072104,37923,0,35788,0
2026-09-02T14:55:47+00:00,1953466980,37923,91,36367,1
2026-09-02T14:55:49+00:00,1953496184,37923,96,36759,9
2026-09-02T14:55:51+00:00,1953067840,37923,38,36857,0
2026-09-02T14:55:53+00:00,1953455108,37923,0,37113,3
2026-09-02T14:55:55+00:00,1953435896,37923,57,37570,0
2026-09-02T14:55:57+00:00,1953401316,37923,43,37923,34
2026-09-02T14:56:00+00:00,1953391928,37923,33,37923,0
2026-09-02T14:56:02+00:00,1953360760,37923,0,37923,0
2026-09-02T14:56:04+00:00,1953365480,37923,0,37923,97
2026-09-02T14:56:06+00:00,1953339872,37923,71,37923,37
2026-09-02T14:56:08+00:00,1953322720,37923,98,37923,0
2026-09-02T14:56:10+00:00,1953324764,37923,33,37923,0
2026-09-02T14:56:13+00:00,1953333016,37923,0,37923,99
2026-09-02T14:56:15+00:00,1953332420,37923,93,37923,44
2026-09-02T14:56:17+00:00,1953319680,37923,13,37923,0
2026-09-02T14:56:19+00:00,1953307368,37923,41,37923,0
2026-09-02T14:56:21+00:00,1953280268,37923,0,37923,0
2026-09-02T14:56:23+00:00,1953260172,37923,0,37923,40
2026-09-02T14:56:25+00:00,1953238792,37923,0,37923,0
2026-09-02T14:56:28+00:00,1953219512,37923,31,37923,0
2026-09-02T14:56:30+00:00,1953197336,37923,0,37923,70
2026-09-02T14:56:32+00:00,1953195952,37923,56,37923,100
2026-09-02T14:56:34+00:00,1953175944,37923,93,37923,7
2026-09-02T14:56:36+00:00,1953161456,37923,99,37923,0
2026-09-02T14:56:38+00:00,1953135500,37923,14,37923,89
2026-09-02T14:56:41+00:00,1953141176,37923,0,37923,78
2026-09-02T14:56:43+00:00,1953155228,37923,35,37923,32
2026-09-02T14:56:45+00:00,1953200648,36794,0,37923,0
2026-09-02T14:56:47+00:00,1953649116,30164,1,37923,0
2026-09-02T14:56:49+00:00,1953713604,30164,0,37923,0
2026-09-02T14:56:51+00:00,1954063868,30487,3,37923,93
2026-09-02T14:56:53+00:00,1954053768,30622,0,37923,38
2026-09-02T14:56:56+00:00,1953621372,31231,0,37923,0
2026-09-02T14:56:58+00:00,1954054300,31231,4,37923,0
2026-09-02T14:57:00+00:00,1954051104,31688,0,37923,0
2026-09-02T14:57:02+00:00,1953635516,32041,0,37923,63
2026-09-02T14:57:04+00:00,1954075868,32041,0,37923,34
2026-09-02T14:57:06+00:00,1954036980,32498,2,37923,0
2026-09-02T14:57:09+00:00,1953833004,33105,0,37923,0
2026-09-02T14:57:11+00:00,1954049636,33105,0,37923,74
2026-09-02T14:57:13+00:00,1954032440,33562,0,37923,100
2026-09-02T14:57:15+00:00,1954027064,33915,0,37557,0
2026-09-02T14:57:17+00:00,1954060000,33915,0,31928,0
2026-09-02T14:57:19+00:00,1953538404,34628,0,30164,0
2026-09-02T14:57:21+00:00,1953841264,34628,0,30421,4
2026-09-02T14:57:24+00:00,1953309172,34979,0,30622,0
2026-09-02T14:57:26+00:00,1952756148,35235,3,31231,0
2026-09-02T14:57:28+00:00,1953062292,35692,2,31231,3
2026-09-02T14:57:30+00:00,1952786572,35788,0,31688,0
2026-09-02T14:57:32+00:00,1952247196,35788,0,32041,0
2026-09-02T14:57:34+00:00,1952314912,36502,0,32041,4
2026-09-02T14:57:37+00:00,1952257828,36857,57,32498,0
2026-09-02T14:57:39+00:00,1951833784,36857,0,32849,0
2026-09-02T14:57:41+00:00,1952253652,37570,4,33105,0
2026-09-02T14:57:43+00:00,1952252200,37570,0,33562,2
2026-09-02T14:57:45+00:00,1952031196,37923,42,33915,3
2026-09-02T14:57:47+00:00,1952227468,37923,0,33915,0
2026-09-02T14:57:49+00:00,1952223716,37923,0,34628,0
2026-09-02T14:57:52+00:00,1952220968,37923,99,34722,0
2026-09-02T14:57:54+00:00,1952226572,37923,0,34979,0
2026-09-02T14:57:56+00:00,1952225056,37923,0,35692,0
2026-09-02T14:57:58+00:00,1952220128,37923,0,35788,64
2026-09-02T14:58:00+00:00,1951796580,37923,72,35788,0
2026-09-02T14:58:02+00:00,1952194888,37923,36,36045,3
2026-09-02T14:58:04+00:00,1952158840,37923,0,36502,0
2026-09-02T14:58:07+00:00,1951746300,37923,0,36857,0
2026-09-02T14:58:09+00:00,1952189148,37923,30,37113,4
2026-09-02T14:58:11+00:00,1952158776,37923,35,37570,0
2026-09-02T14:58:13+00:00,1952133208,37923,0,37923,34
2026-09-02T14:58:15+00:00,1952089536,37923,0,37923,0
2026-09-02T14:58:17+00:00,1952109972,37923,4,37923,0
2026-09-02T14:58:20+00:00,1952108040,37923,65,37923,96
2026-09-02T14:58:22+00:00,1952094236,37923,33,37923,34
2026-09-02T14:58:24+00:00,1952045336,37923,0,37923,0
2026-09-02T14:58:26+00:00,1952062448,37923,0,37923,70
2026-09-02T14:58:28+00:00,1952045428,37923,81,37923,18
2026-09-02T14:58:30+00:00,1952040804,37923,34,37923,35
2026-09-02T14:58:32+00:00,1952015656,37923,0,37923,0
2026-09-02T14:58:35+00:00,1952009900,37923,0,37923,0
2026-09-02T14:58:37+00:00,1951995140,37923,0,37923,0
2026-09-02T14:58:39+00:00,1951980724,37923,87,37923,30
2026-09-02T14:58:41+00:00,1951972536,37923,35,37923,34
2026-09-02T14:58:43+00:00,1951940120,37923,0,37923,0
2026-09-02T14:58:45+00:00,1951928124,37923,0,37923,30
2026-09-02T14:58:48+00:00,1951927232,37923,99,37923,99
2026-09-02T14:58:50+00:00,1951921576,37923,33,37923,35
2026-09-02T14:58:52+00:00,1951867184,37923,67,37923,0
2026-09-02T14:58:54+00:00,1951867072,37923,58,37923,0
2026-09-02T14:58:56+00:00,1951865188,37923,5,37923,20
2026-09-02T14:58:58+00:00,1951862172,37923,38,37923,46
2026-09-02T14:59:00+00:00,1951872912,35128,0,37923,0
2026-09-02T14:59:03+00:00,1952606188,30164,5,37923,0
2026-09-02T14:59:05+00:00,1952591660,30164,0,37923,100
2026-09-02T14:59:07+00:00,1952697524,30622,0,37923,100
2026-09-02T14:59:09+00:00,1952685304,30718,86,37923,34
2026-09-02T14:59:11+00:00,1952667360,31231,0,37923,0
2026-09-02T14:59:13+00:00,1952651812,31688,0,37923,64
2026-09-02T14:59:16+00:00,1952639236,31784,39,37923,92
2026-09-02T14:59:18+00:00,1952610996,32041,0,37923,42
2026-09-02T14:59:20+00:00,1952617440,32498,0,37923,0
2026-09-02T14:59:22+00:00,1952614512,32755,3,37923,0
2026-09-02T14:59:24+00:00,1952190120,32849,0,37923,35
2026-09-02T14:59:26+00:00,1952595528,33361,3,35200,2
2026-09-02T14:59:28+00:00,1952886256,33562,0,30164,3
2026-09-02T14:59:31+00:00,1952436896,33915,0,30164,0
2026-09-02T14:59:33+00:00,1952858700,34171,0,30622,0
2026-09-02T14:59:35+00:00,1952832708,34628,2,30718,72
2026-09-02T14:59:37+00:00,1952423332,34979,0,31231,0
2026-09-02T14:59:39+00:00,1952831320,35235,3,31688,0
2026-09-02T14:59:41+00:00,1952814776,35692,0,31784,0
2026-09-02T14:59:44+00:00,1952389588,35788,0,32041,0
2026-09-02T14:59:46+00:00,1952773080,36045,3,32498,3
2026-09-02T14:59:48+00:00,1952757440,36759,0,32849,2
2026-09-02T14:59:50+00:00,1952330364,36853,0,32849,0
2026-09-02T14:59:52+00:00,1952513620,37109,5,33562,0
2026-09-02T14:59:54+00:00,1952495752,37566,0,33915,3
2026-09-02T14:59:56+00:00,1952386300,37923,37,33915,0
2026-09-02T14:59:59+00:00,1952385896,37923,0,34628,0
2026-09-02T15:00:01+00:00,1952379140,37923,42,34722,0
2026-09-02T15:00:03+00:00,1952383080,37923,72,34979,0
2026-09-02T15:00:05+00:00,1952378304,37923,10,35692,1
2026-09-02T15:00:07+00:00,1952358208,37923,0,35788,0
2026-09-02T15:00:09+00:00,1952362500,37923,99,35788,0
2026-09-02T15:00:12+00:00,1952330588,37923,41,36502,0
2026-09-02T15:00:14+00:00,1952313148,37923,0,36829,39
2026-09-02T15:00:16+00:00,1952325228,37923,93,36853,0
2026-09-02T15:00:18+00:00,1952102300,37923,0,37566,3
2026-09-02T15:00:20+00:00,1952110020,37923,99,37566,9
2026-09-02T15:00:22+00:00,1951992712,37923,0,37923,39
2026-09-02T15:00:24+00:00,1951987816,37923,0,37923,0
2026-09-02T15:00:27+00:00,1951996168,37923,0,37923,0
2026-09-02T15:00:29+00:00,1951987388,37923,54,37923,4
2026-09-02T15:00:31+00:00,1951972144,37923,43,37923,0
2026-09-02T15:00:33+00:00,1951954988,37923,0,37923,0
2026-09-02T15:00:35+00:00,1951957572,37923,48,37923,34
2026-09-02T15:00:37+00:00,1951955544,37923,99,37923,44
2026-09-02T15:00:39+00:00,1951941564,37923,34,37923,0
2026-09-02T15:00:42+00:00,1951926900,37923,0,37923,0
2026-09-02T15:00:44+00:00,1951912812,37923,0,37923,79
2026-09-02T15:00:46+00:00,1951921536,37923,0,37923,100
2026-09-02T15:00:48+00:00,1951924008,37923,33,37923,34
2026-09-02T15:00:50+00:00,1951923544,37923,0,37923,0
2026-09-02T15:00:52+00:00,1951926000,37923,58,37923,0
2026-09-02T15:00:55+00:00,1951924116,37923,0,37923,75
2026-09-02T15:00:57+00:00,1951919152,37923,77,37923,43
2026-09-02T15:00:59+00:00,1951879152,37923,42,37923,0
2026-09-02T15:01:01+00:00,1951868728,37923,0,37923,0
2026-09-02T15:01:03+00:00,1951856376,37923,6,37923,82
2026-09-02T15:01:05+00:00,1951855372,37923,0,37923,96
2026-09-02T15:01:07+00:00,1951836592,37553,0,37923,34
2026-09-02T15:01:10+00:00,1951828036,32236,0,37923,0
2026-09-02T15:01:12+00:00,1951803056,30164,0,37923,0
2026-09-02T15:01:14+00:00,1952216944,30164,3,37923,0
2026-09-02T15:01:16+00:00,1952220900,30622,0,37923,34
2026-09-02T15:01:18+00:00,1951822456,31231,0,37923,0
2026-09-02T15:01:20+00:00,1952221488,31231,0,37923,0
2026-09-02T15:01:23+00:00,1952224164,31688,3,37923,35
2026-09-02T15:01:25+00:00,1952143996,32041,0,37923,10
2026-09-02T15:01:27+00:00,1952200992,32041,0,37923,34
2026-09-02T15:01:29+00:00,1952214244,32498,0,37923,100
2026-09-02T15:01:31+00:00,1952172776,32849,3,37923,0
2026-09-02T15:01:33+00:00,1952215612,32849,0,37923,0
2026-09-02T15:01:35+00:00,1952182848,33562,0,37627,21
2026-09-02T15:01:38+00:00,1952215200,33915,72,32260,2
2026-09-02T15:01:40+00:00,1952087456,33915,0,30164,0
2026-09-02T15:01:42+00:00,1952490116,34628,0,30164,3
2026-09-02T15:01:44+00:00,1952488120,34628,0,30622,3
2026-09-02T15:01:46+00:00,1951820008,34979,0,31231,0
2026-09-02T15:01:48+00:00,1952497740,35235,3,31231,0
2026-09-02T15:01:51+00:00,1952502812,35692,0,31688,0
2026-09-02T15:01:53+00:00,1952070896,35788,0,32041,5
2026-09-02T15:01:55+00:00,1952536320,36045,0,32041,0
2026-09-02T15:01:57+00:00,1952542108,36502,0,32498,0
2026-09-02T15:01:59+00:00,1952542532,36857,2,32849,1
2026-09-02T15:02:01+00:00,1952565812,36857,0,32849,0
2026-09-02T15:02:03+00:00,1952349404,37570,0,33562,0
2026-09-02T15:02:06+00:00,1952226620,37851,0,33915,58
2026-09-02T15:02:08+00:00,1952237820,37923,35,33915,0
2026-09-02T15:02:10+00:00,1952235344,37923,0,34628,0
2026-09-02T15:02:12+00:00,1952235260,37923,0,34698,4
2026-09-02T15:02:14+00:00,1951911472,37923,34,34979,0
2026-09-02T15:02:16+00:00,1952225368,37923,0,35491,4
2026-09-02T15:02:19+00:00,1952248008,37923,0,35692,0
2026-09-02T15:02:21+00:00,1951829168,37923,99,35788,0
2026-09-02T15:02:23+00:00,1952259324,37923,44,36045,2
2026-09-02T15:02:25+00:00,1952234388,37923,0,36502,3
2026-09-02T15:02:27+00:00,1952040460,37923,83,36857,4
2026-09-02T15:02:29+00:00,1952249320,37923,35,36857,0
2026-09-02T15:02:32+00:00,1952056040,37923,35,37570,1
2026-09-02T15:02:34+00:00,1952005520,37923,0,37923,46
2026-09-02T15:02:36+00:00,1952009616,37923,0,37923,0
2026-09-02T15:02:38+00:00,1952001920,37923,0,37923,0
2026-09-02T15:02:40+00:00,1951990092,37923,40,37923,0
2026-09-02T15:02:42+00:00,1951966524,37923,0,37923,34
2026-09-02T15:02:44+00:00,1951962852,37923,0,37923,84
2026-09-02T15:02:47+00:00,1951969484,37923,73,37923,0
2026-09-02T15:02:49+00:00,1951980184,37923,99,37923,0
2026-09-02T15:02:51+00:00,1951973696,37923,35,37923,34
2026-09-02T15:02:53+00:00,1951893624,37923,69,37923,0
2026-09-02T15:02:55+00:00,1951893616,37923,53,37923,0
2026-09-02T15:02:57+00:00,1951895064,37923,44,37923,66
2026-09-02T15:03:00+00:00,1951903164,37923,34,37923,98
2026-09-02T15:03:02+00:00,1951880756,37923,0,37923,34
2026-09-02T15:03:04+00:00,1951865844,37923,0,37923,0
2026-09-02T15:03:06+00:00,1951868256,37923,74,37923,96
2026-09-02T15:03:08+00:00,1951847288,37923,30,37923,17
2026-09-02T15:03:10+00:00,1951826256,37923,0,37923,42
2026-09-02T15:03:12+00:00,1951810560,37923,56,37923,0
2026-09-02T15:03:15+00:00,1951815268,37923,44,37923,0
2026-09-02T15:03:17+00:00,1951817624,37923,99,37923,67
2026-09-02T15:03:19+00:00,1951817948,37627,0,37923,98
2026-09-02T15:03:21+00:00,1951841780,32260,0,37923,33
2026-09-02T15:03:23+00:00,1951924188,30164,0,37923,0
2026-09-02T15:03:25+00:00,1952313456,30164,3,37923,0
2026-09-02T15:03:28+00:00,1952282536,30622,0,37923,0
2026-09-02T15:03:30+00:00,1951871768,31231,0,37923,33
2026-09-02T15:03:32+00:00,1952272492,31231,0,37923,0
2026-09-02T15:03:34+00:00,1952264520,31688,0,37923,0
2026-09-02T15:03:36+00:00,1952051732,32041,0,37923,0
2026-09-02T15:03:38+00:00,1952245420,32041,0,37923,100
2026-09-02T15:03:40+00:00,1952220860,32498,0,37923,73
2026-09-02T15:03:43+00:00,1952221276,32849,3,37923,0
2026-09-02T15:03:45+00:00,1952237640,32849,0,37923,31
2026-09-02T15:03:47+00:00,1952209368,33562,0,37923,43
2026-09-02T15:03:49+00:00,1952243760,33915,81,35128,0
2026-09-02T15:03:51+00:00,1952551688,33915,0,30164,3
2026-09-02T15:03:53+00:00,1952552956,34628,4,30164,0
2026-09-02T15:03:56+00:00,1952509884,34628,0,30622,0
2026-09-02T15:03:58+00:00,1952093648,34979,0,30718,0
2026-09-02T15:04:00+00:00,1952532708,35235,4,31231,0
2026-09-02T15:04:02+00:00,1952544256,35692,0,31688,0
2026-09-02T15:04:04+00:00,1952120880,35788,0,31784,86
2026-09-02T15:04:06+00:00,1952545808,36045,3,32041,0
2026-09-02T15:04:08+00:00,1952536888,36502,3,32498,0
2026-09-02T15:04:11+00:00,1952401540,36857,4,32849,29
2026-09-02T15:04:13+00:00,1952514072,36857,0,32849,0
2026-09-02T15:04:15+00:00,1952232944,37570,0,33562,0
2026-09-02T15:04:17+00:00,1952130128,37923,43,33818,1
2026-09-02T15:04:19+00:00,1951867488,37923,0,33915,0
2026-09-02T15:04:21+00:00,1952041004,37923,0,34628,0
2026-09-02T15:04:24+00:00,1952097428,37923,67,34628,10
2026-09-02T15:04:26+00:00,1951668856,37923,96,34979,0
2026-09-02T15:04:28+00:00,1952090652,37923,34,35557,0
2026-09-02T15:04:30+00:00,1952088944,37923,0,35692,6
2026-09-02T15:04:32+00:00,1951665972,37923,22,35788,0
2026-09-02T15:04:34+00:00,1952090304,37923,99,36045,4
2026-09-02T15:04:37+00:00,1952081704,37923,33,36502,0
2026-09-02T15:04:39+00:00,1951629020,37923,0,36857,0
2026-09-02T15:04:41+00:00,1951911652,37923,99,37113,0
2026-09-02T15:04:43+00:00,1951895512,37923,0,37570,4
2026-09-02T15:04:45+00:00,1951780984,37923,34,37923,42
2026-09-02T15:04:47+00:00,1951765728,37923,0,37923,0
2026-09-02T15:04:49+00:00,1951774916,37923,43,37923,51
2026-09-02T15:04:52+00:00,1951763620,37923,9,37923,49
2026-09-02T15:04:54+00:00,1951748668,37923,34,37923,32
2026-09-02T15:04:56+00:00,1951730612,37923,0,37923,0
2026-09-02T15:04:58+00:00,1951729876,37923,0,37923,81
2026-09-02T15:05:00+00:00,1951724016,37923,9,37923,81
2026-09-02T15:05:02+00:00,1951742352,37923,42,37923,32
2026-09-02T15:05:05+00:00,1951702276,37923,0,37923,0
2026-09-02T15:05:07+00:00,1951704452,37923,0,37923,0
2026-09-02T15:05:09+00:00,1951707660,37923,100,37923,95
2026-09-02T15:05:11+00:00,1951679560,37923,36,37923,33
2026-09-02T15:05:13+00:00,1951664340,37923,28,37923,0
2026-09-02T15:05:15+00:00,1951646860,37923,66,37923,0
2026-09-02T15:05:17+00:00,1951655584,37923,0,37923,0
2026-09-02T15:05:20+00:00,1951660380,37923,100,37923,0
2026-09-02T15:05:22+00:00,1951645188,37923,100,37923,33
2026-09-02T15:05:24+00:00,1951637104,37923,0,37923,0
2026-09-02T15:05:26+00:00,1951621032,37923,89,37923,69
2026-09-02T15:05:28+00:00,1951612028,37923,34,37923,15
2026-09-02T15:05:30+00:00,1951609776,35200,0,37923,35
2026-09-02T15:05:33+00:00,1951904828,30164,0,37923,0
2026-09-02T15:05:35+00:00,1951897484,30164,0,37923,0
2026-09-02T15:05:37+00:00,1951859072,30622,4,37923,0
2026-09-02T15:05:39+00:00,1951861724,30622,0,37923,100
2026-09-02T15:05:41+00:00,1951435936,31231,0,37923,33
2026-09-02T15:05:43+00:00,1951792576,31553,0,37923,0
2026-09-02T15:05:45+00:00,1951827180,31688,10,37923,73
2026-09-02T15:05:48+00:00,1951424852,32041,0,37923,32
2026-09-02T15:05:50+00:00,1951824228,32041,2,37923,94
2026-09-02T15:05:52+00:00,1951816920,32498,0,37923,77
2026-09-02T15:05:54+00:00,1951401464,32849,0,37923,35
2026-09-02T15:05:56+00:00,1951521540,32849,0,34040,0
2026-09-02T15:05:58+00:00,1951761368,33562,0,30164,0
2026-09-02T15:06:01+00:00,1952143416,33915,3,30164,0
2026-09-02T15:06:03+00:00,1952107468,33915,0,30622,3
2026-09-02T15:06:05+00:00,1951899624,34628,0,31231,0
2026-09-02T15:06:07+00:00,1952112516,34722,33,31231,0
2026-09-02T15:06:09+00:00,1952101372,34979,0,31688,0
2026-09-02T15:06:11+00:00,1952091340,35692,0,32041,5
2026-09-02T15:06:13+00:00,1952088224,35740,0,32041,0
2026-09-02T15:06:16+00:00,1951645592,35788,0,32498,0
2026-09-02T15:06:18+00:00,1952064108,36301,3,32849,0
2026-09-02T15:06:20+00:00,1952045356,36502,0,32849,0
2026-09-02T15:06:22+00:00,1951618116,36853,0,33562,0
2026-09-02T15:06:24+00:00,1951878828,37109,0,33867,0
2026-09-02T15:06:26+00:00,1951429204,37566,0,33915,0
2026-09-02T15:06:29+00:00,1951590060,37923,33,34628,3
2026-09-02T15:06:31+00:00,1951702988,37923,0,34628,0
2026-09-02T15:06:33+00:00,1951288208,37923,0,34979,0
2026-09-02T15:06:35+00:00,1951704452,37923,98,35557,0
2026-09-02T15:06:37+00:00,1951698824,37923,34,35692,1
2026-09-02T15:06:39+00:00,1951043772,37923,0,35788,0
2026-09-02T15:06:42+00:00,1950752108,37923,0,36045,4
2026-09-02T15:06:44+00:00,1950748932,37923,13,36502,0
2026-09-02T15:06:46+00:00,1950416328,37923,39,36853,2
2026-09-02T15:06:48+00:00,1950215508,37923,0,36853,0
2026-09-02T15:06:50+00:00,1949854924,37923,0,37566,0
2026-09-02T15:06:52+00:00,1949776056,37923,100,37923,42
2026-09-02T15:06:54+00:00,1949766024,37923,42,37923,0
2026-09-02T15:06:57+00:00,1949747472,37923,0,37923,0
2026-09-02T15:06:59+00:00,1949744752,37923,0,37923,0
2026-09-02T15:07:01+00:00,1949734108,37923,0,37923,34
2026-09-02T15:07:03+00:00,1949784836,37923,30,37923,0
2026-09-02T15:07:05+00:00,1949762752,37923,0,37923,0
2026-09-02T15:07:07+00:00,1949753644,37923,0,37923,54
2026-09-02T15:07:10+00:00,1949750912,37923,75,37923,50
2026-09-02T15:07:12+00:00,1950337980,37923,32,37923,0
2026-09-02T15:07:14+00:00,1950337404,37923,0,37923,0
2026-09-02T15:07:16+00:00,1950329168,37923,0,37923,0
2026-09-02T15:07:18+00:00,1950321796,37923,50,37923,90
2026-09-02T15:07:20+00:00,1950311152,37923,32,37923,34
2026-09-02T15:07:22+00:00,1950302536,37923,0,37923,0
2026-09-02T15:07:25+00:00,1950299360,37923,0,37923,0
2026-09-02T15:07:27+00:00,1950296164,37923,0,37923,3
2026-09-02T15:07:29+00:00,1950296128,37923,99,37923,12
2026-09-02T15:07:31+00:00,1950278296,37923,33,37923,0
2026-09-02T15:07:33+00:00,1950261724,37923,0,37923,0
2026-09-02T15:07:35+00:00,1950271240,37923,0,37923,0
2026-09-02T15:07:38+00:00,1950375916,37923,99,37923,0
2026-09-02T15:07:40+00:00,1950356896,37923,38,37923,29
2026-09-02T15:07:42+00:00,1950320608,34392,2,37923,10
2026-09-02T15:07:44+00:00,1950351720,30164,0,37923,0
2026-09-02T15:07:46+00:00,1950658956,30164,0,37923,0
2026-09-02T15:07:48+00:00,1950596356,30622,0,37923,34
2026-09-02T15:07:50+00:00,1950596648,30670,0,37923,34
2026-09-02T15:07:53+00:00,1950152932,31231,0,37923,0
2026-09-02T15:07:55+00:00,1950585180,31487,4,37923,0
2026-09-02T15:07:57+00:00,1950575708,31688,0,37923,0
2026-09-02T15:07:59+00:00,1950149536,32041,0,37923,97
2026-09-02T15:08:01+00:00,1950563828,32041,0,37923,36
2026-09-02T15:08:03+00:00,1950530800,32498,0,37923,0
2026-09-02T15:08:06+00:00,1950526300,32849,1,37923,62
2026-09-02T15:08:08+00:00,1950511144,32849,0,37923,100
2026-09-02T15:08:10+00:00,1950515900,33562,0,37923,32
2026-09-02T15:08:12+00:00,1950541124,33562,0,33278,0
2026-09-02T15:08:14+00:00,1949747208,33915,0,30164,0
2026-09-02T15:08:16+00:00,1950555552,34171,4,30164,3
2026-09-02T15:08:18+00:00,1950567368,34628,0,30622,0
2026-09-02T15:08:21+00:00,1950149028,34722,3,31231,0
2026-09-02T15:08:23+00:00,1950576964,34979,0,31231,4
2026-09-02T15:08:25+00:00,1950541800,35692,0,31688,0
2026-09-02T15:08:27+00:00,1950095556,35764,0,32041,0
2026-09-02T15:08:29+00:00,1949576844,35788,0,32041,0
2026-09-02T15:08:31+00:00,1949927396,36301,3,32498,2
2026-09-02T15:08:34+00:00,1949818608,36502,0,32849,3
2026-09-02T15:08:36+00:00,1949067676,36857,0,32849,0
2026-09-02T15:08:38+00:00,1949202040,36857,0,33562,0
2026-09-02T15:08:40+00:00,1948818548,37570,0,33891,4
2026-09-02T15:08:42+00:00,1948431340,37923,71,33915,0
2026-09-02T15:08:44+00:00,1948146976,37923,0,34493,1
2026-09-02T15:08:46+00:00,1948095560,37923,0,34628,0
2026-09-02T15:08:49+00:00,1947519652,37923,89,34979,0
2026-09-02T15:08:51+00:00,1947325044,37923,58,35235,0
2026-09-02T15:08:53+00:00,1947264876,37923,0,35692,0
2026-09-02T15:08:55+00:00,1947181024,37923,0,35788,3
2026-09-02T15:08:57+00:00,1946839168,37923,94,35788,0
2026-09-02T15:08:59+00:00,1946452644,37923,99,36502,0
2026-09-02T15:09:01+00:00,1946382860,37923,33,36857,73
2026-09-02T15:09:04+00:00,1946060212,37923,0,36857,0
2026-09-02T15:09:06+00:00,1945731816,37923,100,37570,0
2026-09-02T15:09:08+00:00,1945655792,37923,0,37570,0
2026-09-02T15:09:10+00:00,1945583648,37923,38,37923,43
2026-09-02T15:09:12+00:00,1945552668,37923,0,37923,0
2026-09-02T15:09:14+00:00,1945554448,37923,0,37923,100
2026-09-02T15:09:17+00:00,1945528304,37923,97,37923,1
2026-09-02T15:09:19+00:00,1945531628,37923,0,37923,0
2026-09-02T15:09:21+00:00,1945528560,37923,35,37923,0
2026-09-02T15:09:23+00:00,1945511828,37923,0,37923,0
2026-09-02T15:09:25+00:00,1945504532,37923,0,37923,100
2026-09-02T15:09:27+00:00,1945519532,37923,65,37923,33
2026-09-02T15:09:29+00:00,1945511744,37923,100,37923,0
2026-09-02T15:09:32+00:00,1945502992,37923,33,37923,0
2026-09-02T15:09:34+00:00,1945489316,37923,0,37923,40
2026-09-02T15:09:36+00:00,1945470392,37923,0,37923,58
2026-09-02T15:09:38+00:00,1945455440,37923,79,37923,0
2026-09-02T15:09:40+00:00,1945460832,37923,100,37923,0
2026-09-02T15:09:42+00:00,1945427672,37923,2,37923,38
2026-09-02T15:09:45+00:00,1945410880,37923,0,37923,66
2026-09-02T15:09:47+00:00,1945409676,37923,0,37923,30
2026-09-02T15:09:49+00:00,1945388956,37923,0,37923,0
2026-09-02T15:09:51+00:00,1945381108,37923,29,37923,0
2026-09-02T15:09:53+00:00,1945378116,37923,43,37923,79
2026-09-02T15:09:55+00:00,1945354204,37923,10,37923,87
2026-09-02T15:09:57+00:00,1945330308,37923,62,37923,0
2026-09-02T15:10:00+00:00,1945327140,37923,56,37923,0
2026-09-02T15:10:02+00:00,1945337908,37923,34,37923,0
2026-09-02T15:10:04+00:00,1942799592,37923,12,37923,99
2026-09-02T15:10:06+00:00,1939093624,37922,10,37922,100
2026-09-02T15:10:08+00:00,1936106480,37922,8,37922,97
2026-09-02T15:10:10+00:00,1930296392,37922,9,37922,10
2026-09-02T15:10:12+00:00,1925594088,34746,9,37922,60
2026-09-02T15:10:15+00:00,1925479728,13552,0,37922,49
2026-09-02T15:10:17+00:00,1925460248,13552,0,37922,0
2026-09-02T15:10:19+00:00,1925477612,13552,0,37922,87
2026-09-02T15:10:21+00:00,1925473316,13552,0,37922,50
2026-09-02T15:10:23+00:00,1920516072,13552,0,37922,11
2026-09-02T15:10:25+00:00,1918239984,13552,0,37922,17
2026-09-02T15:10:27+00:00,1912157564,13552,0,37922,9
2026-09-02T15:10:30+00:00,1908264108,13552,0,37922,9
2026-09-02T15:10:32+00:00,1905908056,16594,7,16060,6
2026-09-02T15:10:34+00:00,1906916224,23572,8,21362,6
2026-09-02T15:10:36+00:00,1918730600,27824,0,25716,0
2026-09-02T15:10:38+00:00,1921971756,71958,14,71786,2
2026-09-02T15:10:40+00:00,1921791632,74170,84,74170,97
2026-09-02T15:10:42+00:00,1921791392,74170,74,74170,84
2026-09-02T15:10:44+00:00,1921798676,74170,48,74170,50
2026-09-02T15:10:47+00:00,1921788340,74170,36,74170,45
2026-09-02T15:10:49+00:00,1921792128,74170,53,74170,44
2026-09-02T15:10:51+00:00,1921790076,74170,53,74170,73
2026-09-02T15:10:53+00:00,1921811280,74170,0,74170,100
2026-09-02T15:10:55+00:00,1921812364,74170,34,74170,34
2026-09-02T15:10:57+00:00,1921819592,74170,31,74170,33
2026-09-02T15:10:59+00:00,1921836984,74170,34,74170,34
2026-09-02T15:11:02+00:00,1921824952,74170,34,74170,34
2026-09-02T15:11:04+00:00,1921827540,74170,50,74170,34
2026-09-02T15:11:06+00:00,1921825396,74170,33,74170,34
2026-09-02T15:11:08+00:00,1921828364,74170,34,74170,31
2026-09-02T15:11:10+00:00,1921827224,74170,40,74170,34
2026-09-02T15:11:12+00:00,1921830408,74170,45,74170,36
2026-09-02T15:11:15+00:00,1921816568,74170,35,74170,42
2026-09-02T15:11:17+00:00,1921826264,74170,58,74170,54
2026-09-02T15:11:19+00:00,1921826468,74170,82,74170,53
2026-09-02T15:11:21+00:00,1921830420,74170,86,74170,48
2026-09-02T15:11:23+00:00,1921830360,74170,34,74170,50
2026-09-02T15:11:25+00:00,1921833924,74170,44,74170,87
2026-09-02T15:11:27+00:00,1921830064,74170,32,74170,45
2026-09-02T15:11:30+00:00,1921860164,74170,33,74170,45
2026-09-02T15:11:32+00:00,1921862512,74170,34,74170,48
2026-09-02T15:11:34+00:00,1921867360,74170,79,74170,100
2026-09-02T15:11:36+00:00,1921856592,74170,84,74170,51
2026-09-02T15:11:38+00:00,1921846564,74170,36,74170,88
2026-09-02T15:11:40+00:00,1921853380,74170,48,74170,86
2026-09-02T15:11:43+00:00,1921851164,74170,55,74170,79
2026-09-02T15:11:45+00:00,1921850116,74170,34,74170,79
2026-09-02T15:11:47+00:00,1921852088,74170,44,74170,88
2026-09-02T15:11:49+00:00,1921861800,74170,34,74170,44
2026-09-02T15:11:51+00:00,1921865356,74170,34,74170,50
2026-09-02T15:11:53+00:00,1921872180,74170,34,74170,2
2026-09-02T15:11:56+00:00,1921873348,74170,47,74170,87
2026-09-02T15:11:58+00:00,1921851128,74170,33,74170,77
2026-09-02T15:12:00+00:00,1921843528,74170,31,74170,68
2026-09-02T15:12:02+00:00,1921839208,74170,33,74170,71
2026-09-02T15:12:04+00:00,1921826236,74170,0,74170,35
2026-09-02T15:12:06+00:00,1921831728,74170,32,74170,60
2026-09-02T15:12:09+00:00,1921839020,74170,57,74170,33
2026-09-02T15:12:11+00:00,1921847252,74170,51,74170,31
2026-09-02T15:12:13+00:00,1922354336,74170,76,74170,62
2026-09-02T15:12:15+00:00,1922353952,74170,71,74170,57
2026-09-02T15:12:17+00:00,1922343828,74170,94,74170,82
2026-09-02T15:12:19+00:00,1922341820,74170,66,74170,74
2026-09-02T15:12:22+00:00,1922351124,74170,32,74170,32
2026-09-02T15:12:24+00:00,1922361832,74170,100,74170,0
2026-09-02T15:12:26+00:00,1922349564,74170,72,74170,76
2026-09-02T15:12:28+00:00,1922104916,74170,64,74170,51
2026-09-02T15:12:30+00:00,1922044664,74170,67,74170,60
2026-09-02T15:12:32+00:00,1921959112,74170,84,74170,71
2026-09-02T15:12:34+00:00,1922453076,74170,11,74170,0
2026-09-02T15:12:37+00:00,1922463432,74170,35,74170,32
2026-09-02T15:12:39+00:00,1922465956,74170,35,74170,86
2026-09-02T15:12:41+00:00,1922465272,74170,90,74170,89
2026-09-02T15:12:43+00:00,1922466504,74170,87,74170,91
2026-09-02T15:12:45+00:00,1922471160,74170,37,74170,100
2026-09-02T15:12:47+00:00,1922464096,74170,40,74170,35
2026-09-02T15:12:50+00:00,1922458140,74170,36,74170,32
2026-09-02T15:12:52+00:00,1922450580,74170,86,74170,90
2026-09-02T15:12:54+00:00,1922457100,74170,97,74170,0
2026-09-02T15:12:56+00:00,1922461348,74170,55,74170,39
2026-09-02T15:12:58+00:00,1922448816,74170,67,74170,78
2026-09-02T15:13:00+00:00,1922455900,74170,63,74170,72
2026-09-02T15:13:03+00:00,1922462116,74170,33,74170,33
2026-09-02T15:13:05+00:00,1922464408,74170,100,74170,85
2026-09-02T15:13:07+00:00,1922490080,55792,62,55462,60
2026-09-02T15:13:09+00:00,1922469368,75356,33,75356,34
2026-09-02T15:13:11+00:00,1922460132,75356,82,75356,68
2026-09-02T15:13:13+00:00,1922464900,75356,76,75356,62
2026-09-02T15:13:16+00:00,1922467564,75356,0,75356,29
2026-09-02T15:13:18+00:00,1922468244,75356,87,75356,78
2026-09-02T15:13:20+00:00,1922465356,75356,62,75356,91
2026-09-02T15:13:22+00:00,1922467176,75356,93,75356,86
2026-09-02T15:13:24+00:00,1922447496,75356,0,75356,5
2026-09-02T15:13:26+00:00,1922453144,75356,91,75356,85
2026-09-02T15:13:29+00:00,1922457308,75356,64,75356,86
2026-09-02T15:13:31+00:00,1922453376,75356,93,75356,87
2026-09-02T15:13:33+00:00,1922451144,75356,66,75356,77
2026-09-02T15:13:35+00:00,1922452436,75356,67,75356,82
2026-09-02T15:13:37+00:00,1922459488,75356,86,75356,94
2026-09-02T15:13:39+00:00,1922464728,75356,53,75356,75
2026-09-02T15:13:41+00:00,1922468232,75356,78,75356,97
2026-09-02T15:13:44+00:00,1922477760,75356,71,75356,79
2026-09-02T15:13:46+00:00,1922482128,75356,34,75356,34
2026-09-02T15:13:48+00:00,1922487916,75356,31,75356,35
2026-09-02T15:13:50+00:00,1922494468,75356,78,75356,63
2026-09-02T15:13:52+00:00,1922481784,75356,30,75356,39
2026-09-02T15:13:54+00:00,1922472576,75356,51,75356,34
2026-09-02T15:13:56+00:00,1922474712,75356,59,75356,45
2026-09-02T15:13:59+00:00,1922479216,75356,61,75356,72
2026-09-02T15:14:01+00:00,1922487808,75356,0,75356,0
2026-09-02T15:14:03+00:00,1922489516,75356,34,75356,81
2026-09-02T15:14:05+00:00,1922493068,75356,77,75356,88
2026-09-02T15:14:07+00:00,1922498764,75356,63,75356,74
2026-09-02T15:14:09+00:00,1922507632,75356,32,75356,33
2026-09-02T15:14:12+00:00,1922507060,75356,76,75356,60
2026-09-02T15:14:14+00:00,1922497952,75356,86,75356,49
2026-09-02T15:14:16+00:00,1922288884,75356,29,75356,33
2026-09-02T15:14:18+00:00,1922161792,75356,56,75356,41
2026-09-02T15:14:20+00:00,1922041304,75356,34,75356,30
2026-09-02T15:14:22+00:00,1922516732,75356,58,75356,43
2026-09-02T15:14:25+00:00,1922511532,75356,71,75356,63
2026-09-02T15:14:27+00:00,1922466548,75356,39,75356,46
2026-09-02T15:14:29+00:00,1922458796,75356,30,75356,44
2026-09-02T15:14:31+00:00,1922456820,75356,0,75356,0
2026-09-02T15:14:33+00:00,1922448280,75356,34,75356,49
2026-09-02T15:14:35+00:00,1922436724,75356,43,75356,34
2026-09-02T15:14:37+00:00,1922438464,75356,59,75356,45
2026-09-02T15:14:40+00:00,1922448048,75356,56,75356,63
2026-09-02T15:14:42+00:00,1922447368,75356,32,75356,35
2026-09-02T15:14:44+00:00,1922448748,75356,31,75356,34
2026-09-02T15:14:46+00:00,1922454568,75356,84,75356,71
2026-09-02T15:14:48+00:00,1922464772,75356,89,75356,83
2026-09-02T15:14:50+00:00,1922471712,75356,34,75356,29
2026-09-02T15:14:53+00:00,1922474112,75356,78,75356,64
2026-09-02T15:14:55+00:00,1922471548,75356,35,75356,46
2026-09-02T15:14:57+00:00,1922474008,75356,34,75356,29
2026-09-02T15:14:59+00:00,1922477116,75356,33,75356,59
2026-09-02T15:15:01+00:00,1922477588,75356,59,75356,100
2026-09-02T15:15:03+00:00,1922480828,75356,47,75356,59
2026-09-02T15:15:06+00:00,1922471780,75356,33,75356,33
2026-09-02T15:15:08+00:00,1922460764,75356,51,75356,36
2026-09-02T15:15:10+00:00,1922468872,75356,46,75356,87
2026-09-02T15:15:12+00:00,1922473288,75356,32,75356,45
2026-09-02T15:15:14+00:00,1922463328,75356,29,75356,39
2026-09-02T15:15:16+00:00,1922465480,75356,31,75356,37
2026-09-02T15:15:18+00:00,1922472828,75356,61,75356,47
2026-09-02T15:15:21+00:00,1922460972,75356,32,75356,28
2026-09-02T15:15:23+00:00,1922467824,75356,72,75356,58
2026-09-02T15:15:25+00:00,1922469888,75356,77,75356,62
2026-09-02T15:15:27+00:00,1922466344,75356,90,75356,80
2026-09-02T15:15:29+00:00,1922470688,75356,31,75356,33
2026-09-02T15:15:31+00:00,1922506300,25958,3,26306,1
2026-09-02T15:15:34+00:00,1922504660,25958,17,25958,15
2026-09-02T15:15:36+00:00,1917548648,25958,10,25958,12
2026-09-02T15:15:38+00:00,1910265320,26002,0,26022,0
2026-09-02T15:15:40+00:00,1920256416,37702,20,35244,12
2026-09-02T15:15:42+00:00,1933639808,47338,7,44170,7
2026-09-02T15:15:44+00:00,1941172128,49858,0,49858,0
2026-09-02T15:15:46+00:00,1940628244,50316,4,50316,4
2026-09-02T15:15:49+00:00,1940399692,50923,71,50901,73
2026-09-02T15:15:51+00:00,1939700772,50923,0,50923,0
2026-09-02T15:15:53+00:00,1939007580,51637,1,51637,0
2026-09-02T15:15:55+00:00,1937992868,51733,0,51733,0
2026-09-02T15:15:57+00:00,1937521848,52191,0,51989,2
2026-09-02T15:15:59+00:00,1937160540,52807,81,52703,0
2026-09-02T15:16:01+00:00,1936144120,52807,0,52807,0
2026-09-02T15:16:03+00:00,1935430876,53521,2,53521,0
2026-09-02T15:16:06+00:00,1934797408,53871,0,53871,2
2026-09-02T15:16:08+00:00,1934266692,53871,1,53871,0
2026-09-02T15:16:10+00:00,1933888208,54585,0,54585,2
2026-09-02T15:16:12+00:00,1932766036,54945,0,54945,0
2026-09-02T15:16:14+00:00,1932394656,55201,2,55201,1
2026-09-02T15:16:16+00:00,1932194100,55659,0,55659,3
2026-09-02T15:16:18+00:00,1931287852,55757,0,55757,0
2026-09-02T15:16:21+00:00,1930828672,56215,0,56215,1
2026-09-02T15:16:23+00:00,1930535952,56827,77,56803,61
2026-09-02T15:16:25+00:00,1929909772,56827,0,56827,0
2026-09-02T15:16:27+00:00,1929183268,57541,2,57285,0
2026-09-02T15:16:29+00:00,1928572768,57891,0,57891,3
2026-09-02T15:16:31+00:00,1928093104,57891,1,57891,0
2026-09-02T15:16:33+00:00,1927669240,58606,2,58606,2
2026-09-02T15:16:36+00:00,1926454992,58962,0,58962,0
2026-09-02T15:16:38+00:00,1926212564,59419,0,59218,2
2026-09-02T15:16:40+00:00,1926005696,59770,71,59676,11
2026-09-02T15:16:42+00:00,1924920328,59770,0,59770,0
2026-09-02T15:16:44+00:00,1924653832,60484,0,60228,0
2026-09-02T15:16:46+00:00,1924372232,60840,0,60840,49
2026-09-02T15:16:48+00:00,1923705200,60840,0,60840,0
2026-09-02T15:16:51+00:00,1923145152,61298,0,61298,0
2026-09-02T15:16:53+00:00,1922786608,61904,5,61904,1
2026-09-02T15:16:55+00:00,1922107668,61904,0,61904,0
2026-09-02T15:16:57+00:00,1921501996,62362,3,62362,0
2026-09-02T15:16:59+00:00,1921203512,62974,4,62974,2
2026-09-02T15:17:01+00:00,1920371580,62974,0,62974,2
2026-09-02T15:17:03+00:00,1919955672,63432,3,63432,0
2026-09-02T15:17:06+00:00,1919272828,63788,5,63788,0
2026-09-02T15:17:08+00:00,1918876488,63788,0,63788,0
2026-09-02T15:17:10+00:00,1918444156,64502,0,64502,2
2026-09-02T15:17:12+00:00,1917742668,64852,2,64852,0
2026-09-02T15:17:14+00:00,1917421132,64852,0,64852,0
2026-09-02T15:17:16+00:00,1916850160,65310,0,65310,3
2026-09-02T15:17:18+00:00,1916614688,65946,0,66488,45
2026-09-02T15:17:21+00:00,1916626120,66488,38,66488,33
2026-09-02T15:17:23+00:00,1916609648,66488,0,66488,0
2026-09-02T15:17:25+00:00,1916610804,66488,0,66488,92
2026-09-02T15:17:27+00:00,1916590784,66488,0,66488,0
2026-09-02T15:17:29+00:00,1916553628,66488,0,66488,96
2026-09-02T15:17:31+00:00,1916549304,66488,78,66488,65
2026-09-02T15:17:34+00:00,1916488592,66488,0,66488,54
2026-09-02T15:17:36+00:00,1916401148,66488,84,66488,33
2026-09-02T15:17:38+00:00,1916433916,66488,37,66488,34
2026-09-02T15:17:40+00:00,1916443296,66488,0,66488,0
2026-09-02T15:17:42+00:00,1916443144,66488,59,66488,0
2026-09-02T15:17:44+00:00,1916439364,66488,0,66488,0
2026-09-02T15:17:47+00:00,1916425716,66488,0,66488,75
2026-09-02T15:17:49+00:00,1916422984,66488,68,66488,0
2026-09-02T15:17:51+00:00,1916424684,66488,0,66488,97
2026-09-02T15:17:53+00:00,1916333236,66488,83,66488,40
2026-09-02T15:17:55+00:00,1916328316,66488,0,66488,34
2026-09-02T15:17:57+00:00,1916341420,66488,34,66488,0
2026-09-02T15:17:59+00:00,1916331572,66488,0,66488,74
2026-09-02T15:18:02+00:00,1916331544,66488,0,66488,98
2026-09-02T15:18:04+00:00,1916319480,66488,56,66488,0
2026-09-02T15:18:06+00:00,1916315916,66488,87,66488,88
2026-09-02T15:18:08+00:00,1916298072,66488,0,66488,0
2026-09-02T15:18:10+00:00,1916304856,66488,0,66488,99
2026-09-02T15:18:12+00:00,1916289268,66488,0,66488,34
2026-09-02T15:18:15+00:00,1916308588,66488,86,66488,42
2026-09-02T15:18:17+00:00,1916299824,66488,34,66488,0
2026-09-02T15:18:19+00:00,1916289632,66488,0,66488,0
2026-09-02T15:18:21+00:00,1916294408,66488,45,66488,27
2026-09-02T15:18:23+00:00,1916298488,66488,36,66488,25
2026-09-02T15:18:25+00:00,1916284284,66488,0,66488,0
2026-09-02T15:18:28+00:00,1916281476,66488,0,66488,0
2026-09-02T15:18:30+00:00,1916289248,66488,6,66488,66
2026-09-02T15:18:32+00:00,1916244724,66488,95,66488,34
2026-09-02T15:18:34+00:00,1916230024,66488,89,66488,34
2026-09-02T15:18:36+00:00,1916246864,66488,32,66488,0
2026-09-02T15:18:38+00:00,1916245728,66488,34,66488,0
2026-09-02T15:18:41+00:00,1916268252,66488,0,66488,0
2026-09-02T15:18:43+00:00,1916268624,66488,0,66488,0
2026-09-02T15:18:45+00:00,1916262872,66488,65,66488,73
2026-09-02T15:18:47+00:00,1916261652,66488,0,66488,70
2026-09-02T15:18:49+00:00,1916254668,66488,37,66488,100
2026-09-02T15:18:51+00:00,1916181196,66488,0,66488,35
2026-09-02T15:18:53+00:00,1916203132,66488,0,66488,33
2026-09-02T15:18:56+00:00,1916246116,66488,47,66488,0
2026-09-02T15:18:58+00:00,1916235116,66488,41,66488,1
2026-09-02T15:19:00+00:00,1916229672,66488,30,66488,0
2026-09-02T15:19:02+00:00,1916225820,66488,91,66488,0
2026-09-02T15:19:04+00:00,1916225168,66488,0,66488,52
2026-09-02T15:19:06+00:00,1916223688,66488,50,66488,0
2026-09-02T15:19:09+00:00,1916214144,66488,21,66488,0
2026-09-02T15:19:11+00:00,1916221912,66488,80,66488,72
2026-09-02T15:19:13+00:00,1916165600,66488,52,66488,34
2026-09-02T15:19:15+00:00,1916155688,66488,72,66488,34
2026-09-02T15:19:17+00:00,1916176996,66488,34,66488,0
2026-09-02T15:19:19+00:00,1916204740,66488,34,66488,81
2026-09-02T15:19:21+00:00,1916203920,66488,81,66488,0
2026-09-02T15:19:24+00:00,1916192740,66488,0,66488,62
2026-09-02T15:19:26+00:00,1916183248,66488,31,66488,92
2026-09-02T15:19:28+00:00,1916181280,66488,84,66488,99
2026-09-02T15:19:30+00:00,1916138928,66488,0,66488,37
2026-09-02T15:19:32+00:00,1916130200,66488,18,66488,35
2026-09-02T15:19:34+00:00,1914825900,66488,0,66488,100
2026-09-02T15:19:37+00:00,1913070624,66488,35,66488,12
2026-09-02T15:19:39+00:00,1910916604,66488,50,66488,15
2026-09-02T15:19:41+00:00,1904841240,66488,96,66488,14
2026-09-02T15:19:43+00:00,1897264156,66488,16,66488,98
2026-09-02T15:19:45+00:00,1890678736,66488,100,39364,0
2026-09-02T15:19:47+00:00,1885969340,66488,41,33132,0
2026-09-02T15:19:49+00:00,1883668968,40172,2,26570,1
2026-09-02T15:19:52+00:00,1883631476,34038,0,26570,0
2026-09-02T15:19:54+00:00,1883576820,28416,3,27029,3
2026-09-02T15:19:56+00:00,1883205788,26570,0,27123,0
2026-09-02T15:19:58+00:00,1883997052,26772,0,27662,0
2026-09-02T15:20:00+00:00,1883942064,27123,58,27885,42
2026-09-02T15:20:02+00:00,1883949324,27123,0,27933,0
2026-09-02T15:20:04+00:00,1883944872,27837,0,28390,0
2026-09-02T15:20:07+00:00,1883919408,27933,0,28975,79
2026-09-02T15:20:09+00:00,1883904732,27933,0,28999,0
2026-09-02T15:20:11+00:00,1883841308,28647,1,29456,4
2026-09-02T15:20:13+00:00,1883887756,28999,0,29713,0
2026-09-02T15:20:15+00:00,1883485460,28999,0,30063,0
2026-09-02T15:20:17+00:00,1883795604,29713,0,30520,5
2026-09-02T15:20:19+00:00,1883719528,30063,0,30801,2
2026-09-02T15:20:22+00:00,1883935564,30063,0,31129,0
2026-09-02T15:20:24+00:00,1883932148,30777,0,31586,0
2026-09-02T15:20:26+00:00,1883933380,31129,4,31843,0
2026-09-02T15:20:28+00:00,1883522568,31129,0,31937,0
2026-09-02T15:20:30+00:00,1883890196,31586,0,32476,3
2026-09-02T15:20:32+00:00,1883935644,31937,1,32907,9
2026-09-02T15:20:35+00:00,1883499824,31937,0,33003,0
2026-09-02T15:20:37+00:00,1883918344,32394,0,33259,4
2026-09-02T15:20:39+00:00,1883934548,33003,69,33717,0
2026-09-02T15:20:41+00:00,1883516368,33003,0,34067,0
2026-09-02T15:20:43+00:00,1883646888,33460,0,34323,2
2026-09-02T15:20:45+00:00,1883571652,34021,41,34781,0
2026-09-02T15:20:48+00:00,1882358312,34066,0,35133,0
2026-09-02T15:20:50+00:00,1881919888,34323,3,35133,0
2026-09-02T15:20:52+00:00,1881902988,34781,0,35590,0
2026-09-02T15:20:54+00:00,1881192396,35133,0,35941,2
2026-09-02T15:20:56+00:00,1879806172,35389,2,35941,0
2026-09-02T15:20:58+00:00,1877893300,35847,8,36911,2
2026-09-02T15:21:00+00:00,1875074732,35941,0,37007,0
2026-09-02T15:21:03+00:00,1873900780,36398,0,37329,0
2026-09-02T15:21:05+00:00,1872000928,37007,1,38049,60
2026-09-02T15:21:07+00:00,1872001536,37007,2,38071,0
2026-09-02T15:21:09+00:00,1871989576,37721,2,38528,0
2026-09-02T15:21:11+00:00,1871149072,38071,0,39141,0
2026-09-02T15:21:13+00:00,1871916384,38528,1,39598,0
2026-09-02T15:21:15+00:00,1871131128,39141,2,39951,1
2026-09-02T15:21:18+00:00,1869297908,39141,0,39951,0
2026-09-02T15:21:20+00:00,1879782196,39598,0,40921,0
2026-09-02T15:21:22+00:00,1877873456,39951,0,41015,0
2026-09-02T15:21:24+00:00,1877619368,40408,0,41472,2
2026-09-02T15:21:26+00:00,1875646796,40921,0,42085,0
2026-09-02T15:21:28+00:00,1873390220,41015,0,42085,0
2026-09-02T15:21:30+00:00,1871110568,41472,0,42085,0
2026-09-02T15:21:33+00:00,1868943388,42085,0,42085,0
2026-09-02T15:21:35+00:00,1867262296,42085,8,42085,10
2026-09-02T15:21:37+00:00,1873516140,42085,8,42873,0
2026-09-02T15:21:39+00:00,1875520860,44137,14,44135,12
2026-09-02T15:21:41+00:00,1869594060,44137,12,44135,25
2026-09-02T15:21:43+00:00,1865101384,44585,0,44583,100
2026-09-02T15:21:45+00:00,1873105224,44585,0,44583,0
2026-09-02T15:21:48+00:00,1872023316,44585,0,44583,0
2026-09-02T15:21:50+00:00,1870126628,44585,0,44583,0
2026-09-02T15:21:52+00:00,1868184788,44585,0,44583,0
2026-09-02T15:21:54+00:00,1866243840,44585,0,44583,0
2026-09-02T15:21:56+00:00,1865088368,44585,0,44583,0
2026-09-02T15:21:58+00:00,1865074340,44585,0,44583,0
2026-09-02T15:22:00+00:00,1865079392,44585,0,44583,0
2026-09-02T15:22:02+00:00,1874480980,44585,15,44585,11
2026-09-02T15:22:04+00:00,1868543660,44585,14,44585,14
