prepared_at	2026-07-29T19:31:57+08:00
branch	codex/rlt-pi0-robotwin
prelaunch_head	66dc388e464660f0ed6a8c48b7a188731d3dbbbe
dataset	/root/autodl-tmp/datasets/robotwin2/canonical/pi0-aloha-clean50-v1
dataset_manifest	/root/autodl-tmp/datasets/robotwin2/manifests/pi0-aloha-clean50-v1.json
model	/root/autodl-tmp/models/rlinf/RLinf-Pi0-RoboTwin-SFT-adjust_bottle
norm_stats	/root/autodl-tmp/models/rlinf/RLinf-Pi0-RoboTwin-SFT-adjust_bottle/physical-intelligence/robotwin/norm_stats.json
run_root	/root/autodl-tmp/experiments/rlt_stage1_formal_20260729_v1
experiment_name	robotwin_adjust_bottle_rlt_stage1_clean50_2k_v1
checkpoint	/root/autodl-tmp/experiments/rlt_stage1_formal_20260729_v1/robotwin_adjust_bottle_rlt_stage1_clean50_2k_v1/checkpoints/global_step_2000
