round,env/success_once,eval/success_once,time/step,time/generate_rollouts,time/actor_training,time/sync_weights,time/eval
1,0.32421875,,1195.200927734375,1166.510986328125,22.43027687072754,6.2197957038879395,
2,0.33984375,,1206.665283203125,1178.374755859375,22.381256103515625,5.896550178527832,
3,0.3984375,,1313.1156005859375,1281.110107421875,26.194761276245117,5.796822547912598,
4,0.4453125,,1283.6551513671875,1250.6695556640625,27.207908630371094,5.759054660797119,
5,0.45703125,0.3125,1592.0435791015625,1252.5916748046875,26.07735252380371,7.964664459228516,305.3907165527344
6,0.453125,,1395.0789794921875,1366.995849609375,25.91928482055664,2.145521402359009,
7,0.54296875,,1282.405029296875,1250.0618896484375,25.874250411987305,6.4504218101501465,
8,0.4140625,,1317.1884765625,1283.155517578125,26.083091735839844,7.933041572570801,
9,0.40234375,,1366.4075927734375,1336.986083984375,22.5308780670166,6.873605728149414,
10,0.390625,0.59375,1702.622802734375,1341.23291015625,25.036090850830078,5.771794319152832,301.8125
11,0.46875,,1299.350830078125,1272.6153564453125,25.112125396728516,1.608699083328247,
12,0.42578125,,1294.4755859375,1262.0897216796875,25.314172744750977,7.0569963455200195,
13,0.4609375,,1300.9678955078125,1269.338623046875,25.388395309448242,6.226502418518066,
14,0.4609375,,1351.8695068359375,1321.0994873046875,25.653709411621094,5.099483013153076,
15,0.5859375,0.46875,1555.3995361328125,1230.5611572265625,25.749845504760742,5.616703510284424,293.457275390625
16,0.52734375,,1283.19189453125,1255.684326171875,25.471370697021484,2.0204615592956543,
17,0.48828125,,1293.9410400390625,1262.2457275390625,25.613187789916992,6.067022323608398,
18,0.484375,,1313.505859375,1282.0880126953125,25.39682960510254,6.001300811767578,
19,0.52734375,,1323.566162109375,1292.541748046875,25.406978607177734,5.602434158325195,
20,0.51171875,0.4375,1650.25048828125,1291.2288818359375,24.567535400390625,5.728940963745117,298.6035461425781
21,0.5859375,,1255.6099853515625,1228.2412109375,25.61076545715332,1.739617109298706,
22,0.4453125,,1327.8626708984375,1297.9437255859375,24.16874885559082,5.733061790466309,
23,0.5546875,,1356.318603515625,1324.412109375,25.46162223815918,6.428801536560059,
24,0.578125,,1301.7928466796875,1269.8330078125,25.569168090820312,6.375265121459961,
25,0.48046875,0.5,1616.87109375,1277.05029296875,25.15147590637207,5.925513744354248,308.72625732421875
26,0.5703125,,1379.9822998046875,1352.5638427734375,25.49842071533203,1.9034745693206787,
27,0.6171875,,1284.8214111328125,1253.489013671875,25.231876373291016,6.084568977355957,
28,0.48046875,,1354.185546875,1322.8946533203125,24.33454132080078,6.941483497619629,
29,0.59765625,,1403.7977294921875,1372.82958984375,25.194398880004883,5.759871482849121,
30,0.51953125,0.4375,1686.739990234375,1333.115966796875,25.433120727539062,7.46591854095459,290.94158935546875
31,0.62890625,,1300.466064453125,1273.7244873046875,25.08358383178711,1.6434075832366943,
32,0.6015625,,1345.47119140625,1316.9613037109375,22.57359504699707,5.921351909637451,
33,0.5546875,,1364.04541015625,1333.4139404296875,25.3621826171875,5.254069805145264,
34,0.52734375,,1389.8731689453125,1357.5107421875,25.603485107421875,6.744786262512207,
35,0.5625,0.59375,1677.4957275390625,1345.3798828125,25.173612594604492,6.151988506317139,300.7757263183594
36,0.56640625,,1346.5067138671875,1319.204833984375,25.311922073364258,1.973686695098877,
37,0.60546875,,1323.3704833984375,1290.9691162109375,25.465911865234375,6.920623302459717,
38,0.53125,,1330.6087646484375,1299.0391845703125,25.60283660888672,5.950248718261719,
39,0.484375,,1360.5633544921875,1329.977783203125,25.413175582885742,5.157196998596191,
40,0.47265625,0.46875,1643.386474609375,1293.40771484375,25.56891632080078,6.592682838439941,288.8975524902344
41,0.58984375,,1307.1982421875,1279.9971923828125,25.477642059326172,1.7095813751220703,
42,0.52734375,,1299.87841796875,1266.598876953125,25.630266189575195,7.634040355682373,
43,0.515625,,1410.61181640625,1377.9552001953125,25.596147537231445,7.042924880981445,
44,0.55859375,,1504.3924560546875,1470.74755859375,25.67251205444336,7.956262588500977,
45,0.5703125,0.4375,1707.7100830078125,1339.5406494140625,25.665456771850586,6.992792129516602,335.4945373535156
46,0.6015625,,1402.4764404296875,1374.8223876953125,25.68259048461914,1.953763484954834,
47,0.58203125,,1435.9520263671875,1403.158203125,25.434165954589844,7.343008518218994,
48,0.58984375,,1463.330322265625,1430.34912109375,25.523473739624023,7.441587924957275,
49,0.5546875,,1344.5289306640625,1310.966796875,25.65070343017578,7.892339706420898,
50,0.6328125,0.5,1819.6007080078125,1429.6607666015625,25.41170883178711,6.620301246643066,326.4238586425781
51,0.59375,,1427.648681640625,1403.1043701171875,22.935190200805664,1.5947239398956299,
52,0.59765625,,1312.4312744140625,1283.62646484375,22.57783317565918,6.214438438415527,
53,0.56640625,,1417.3865966796875,1387.6064453125,24.651390075683594,5.112595558166504,
54,0.5703125,,1451.9742431640625,1420.914306640625,24.886110305786133,6.154941082000732,
55,0.66796875,0.59375,1828.1337890625,1455.5540771484375,25.96037483215332,6.4154052734375,340.18634033203125
56,0.64453125,,1367.5699462890625,1342.9151611328125,22.493328094482422,2.146973133087158,
57,0.59375,,1392.99072265625,1364.044921875,23.98748779296875,4.946718215942383,
58,0.6171875,,1333.39404296875,1300.28125,25.753326416015625,7.341149806976318,
59,0.58203125,,1462.8160400390625,1434.39599609375,22.23858642578125,6.168501853942871,
60,0.60546875,0.75,1795.1611328125,1467.325927734375,22.850404739379883,5.290497779846191,269.2552795410156
61,0.578125,,1434.5218505859375,1410.464111328125,22.377138137817383,1.6650776863098145,
62,0.66015625,,1447.127685546875,1419.6314697265625,22.3609676361084,5.121420860290527,
63,0.69140625,,1413.5341796875,1381.905517578125,25.922027587890625,5.688448905944824,
64,0.68359375,,1437.714111328125,1404.3670654296875,26.01123046875,7.3200201988220215,
65,0.59375,0.59375,1886.8165283203125,1499.929443359375,25.680438995361328,6.233889579772949,354.9550476074219
66,0.6484375,,1388.5816650390625,1364.5008544921875,22.148136138916016,1.9189786911010742,
67,0.6171875,,1417.0244140625,1387.10986328125,24.442264556884766,5.442305088043213,
68,0.66015625,,1588.3394775390625,1556.32275390625,25.537355422973633,6.461492538452148,
69,0.6953125,,1442.0748291015625,1411.349853515625,23.000524520874023,7.7083420753479,
70,0.57421875,0.8125,1957.3941650390625,1537.9981689453125,25.708393096923828,5.534914493560791,352.79864501953125
71,0.63671875,,1483.242431640625,1455.521728515625,26.059452056884766,1.6411795616149902,
72,0.5625,,1471.624755859375,1441.821533203125,22.561214447021484,7.230647087097168,
73,0.6171875,,1514.1041259765625,1482.9539794921875,25.628427505493164,5.505483150482178,
74,0.5546875,,1491.9312744140625,1461.7755126953125,22.572261810302734,7.57033634185791,
75,0.59375,0.65625,1942.4786376953125,1590.843994140625,23.30535125732422,4.97922420501709,323.3365478515625
76,0.6640625,,1529.94970703125,1502.499755859375,25.556163787841797,1.8767240047454834,
77,0.69140625,,1475.44091796875,1444.534423828125,22.824644088745117,8.067529678344727,
78,0.65625,,1444.1121826171875,1412.255126953125,25.656370162963867,6.183917045593262,
79,0.66796875,,1509.90771484375,1476.385498046875,25.520530700683594,7.981311798095703,
80,0.6328125,0.6875,1785.703125,1407.896728515625,23.718887329101562,7.23388671875,310.9564514160156
81,0.61328125,,1411.825927734375,1387.7855224609375,22.354223251342773,1.6709985733032227,
82,0.67578125,,1459.2518310546875,1428.291259765625,25.12034034729004,5.822956085205078,
83,0.64453125,,1453.3282470703125,1422.8665771484375,22.081785202026367,8.36357593536377,
84,0.546875,,1458.5230712890625,1429.2911376953125,22.20250129699707,7.0175580978393555,
85,0.55078125,0.75,1815.480224609375,1447.2808837890625,22.24967384338379,5.821439743041992,340.114013671875
86,0.73828125,,1448.4766845703125,1423.9090576171875,22.63934326171875,1.9111733436584473,
87,0.64453125,,1551.7779541015625,1522.121337890625,22.49347686767578,7.148068904876709,
88,0.5625,,1462.85498046875,1432.311279296875,23.589672088623047,6.9337921142578125,
89,0.63671875,,1471.4998779296875,1442.1854248046875,22.122318267822266,7.177578926086426,
90,0.703125,0.65625,1884.2935791015625,1484.322021484375,22.125795364379883,5.861543655395508,343.410400390625
91,0.64453125,,1391.5565185546875,1367.59912109375,22.270448684692383,1.674018383026123,
92,0.65234375,,1450.141357421875,1422.1768798828125,22.4325008392334,5.519329071044922,
93,0.6953125,,1407.098876953125,1377.5594482421875,24.292747497558594,5.230794906616211,
94,0.73046875,,1404.5108642578125,1376.2454833984375,22.73863983154297,5.510883331298828,
95,0.734375,0.6875,1717.22998046875,1373.7537841796875,22.147356033325195,5.346507549285889,315.9685974121094
96,0.65234375,,1449.9959716796875,1425.7476806640625,21.971755981445312,2.263115882873535,
97,0.65625,,1245.9464111328125,1215.2396240234375,25.550718307495117,5.142081260681152,
98,0.6328125,,1311.9339599609375,1282.3050537109375,23.449007034301758,6.164892673492432,
99,0.6484375,,1445.9659423828125,1417.3177490234375,22.179187774658203,6.454719543457031,
100,0.64453125,0.59375,1824.873779296875,1420.5936279296875,24.859102249145508,5.525874137878418,336.96429443359375
101,0.609375,,1398.7122802734375,1364.798583984375,26.15971565246582,7.706524848937988,
102,0.66796875,,1302.326171875,1272.7689208984375,24.149370193481445,5.392836570739746,
103,0.625,,1265.69921875,1234.723388671875,25.750244140625,5.214028358459473,
104,0.69921875,,1277.3184814453125,1246.6673583984375,24.61421775817871,6.0245232582092285,
105,0.69921875,0.75,1546.0048828125,1241.865234375,24.37166976928711,6.0242156982421875,273.7275085449219
106,0.65234375,,1353.2252197265625,1326.020263671875,25.184816360473633,2.004775047302246,
107,0.71484375,,1312.1343994140625,1281.5416259765625,25.09982681274414,5.478676795959473,
108,0.59375,,1349.2493896484375,1321.4091796875,22.644603729248047,5.182701110839844,
109,0.640625,,1326.4830322265625,1296.041259765625,25.431377410888672,4.997057914733887,
110,0.57421875,0.53125,1682.633544921875,1337.241455078125,25.051055908203125,5.033007621765137,282.5045166015625
111,0.671875,,1340.842041015625,1316.0439453125,23.068931579589844,1.715012550354004,
112,0.546875,,1300.1051025390625,1269.7154541015625,25.40224838256836,4.973227500915527,
113,0.6875,,1300.8043212890625,1269.2344970703125,24.860675811767578,6.693018913269043,
114,0.6875,,1337.823486328125,1306.1829833984375,25.540264129638672,6.08262300491333,
115,0.68359375,0.65625,1544.4906005859375,1239.0350341796875,25.684289932250977,5.006107807159424,274.7497253417969
116,0.7109375,,1355.344970703125,1329.32568359375,24.01468849182129,1.9914755821228027,
117,0.74609375,,1279.13232421875,1247.9891357421875,24.873764038085938,6.253706455230713,
118,0.66015625,,1307.7750244140625,1276.6229248046875,25.248912811279297,5.887068748474121,
119,0.69921875,,1284.5455322265625,1255.5592041015625,23.772676467895508,5.199545860290527,
120,0.72265625,0.59375,1612.963134765625,1275.6585693359375,25.56205940246582,5.003261566162109,273.4071044921875
121,0.62890625,,1267.06201171875,1242.786376953125,22.666622161865234,1.594270944595337,
122,0.4765625,,1278.1458740234375,1249.8001708984375,23.666000366210938,4.665879249572754,
123,0.67578125,,1300.6160888671875,1268.955322265625,26.518800735473633,5.1232147216796875,
124,0.66015625,,1235.4293212890625,1204.9432373046875,25.66484260559082,4.805924415588379,
125,0.63671875,0.5625,1506.5830078125,1232.416015625,22.528718948364258,6.051501750946045,245.5733642578125
126,0.6484375,,1261.12353515625,1235.25927734375,23.952068328857422,1.8972742557525635,
127,0.66796875,,1289.0723876953125,1258.57373046875,25.085466384887695,5.400710105895996,
128,0.6015625,,1345.7696533203125,1316.3433837890625,23.725614547729492,5.687991142272949,
129,0.71875,,1311.84130859375,1283.2962646484375,23.656614303588867,4.871306896209717,
130,0.71484375,0.71875,1574.49755859375,1223.2728271484375,24.657398223876953,5.574625492095947,289.70184326171875
131,0.71875,,1237.0267333984375,1209.555419921875,25.834558486938477,1.623763084411621,
132,0.69921875,,1272.369873046875,1239.385986328125,26.21900177001953,6.749642848968506,
133,0.66796875,,1278.917724609375,1251.1202392578125,22.67571449279785,5.108306884765625,
134,0.609375,,1260.9168701171875,1230.40185546875,25.409950256347656,5.08493185043335,
135,0.71875,0.6875,1590.048095703125,1280.0853271484375,22.414501190185547,5.270074367523193,282.26287841796875
136,0.65234375,,1301.090576171875,1277.0911865234375,22.138248443603516,1.8487110137939453,
137,0.6640625,,1297.769287109375,1268.5677490234375,24.13236427307129,5.055908203125,
138,0.6484375,,1280.4095458984375,1248.4114990234375,26.187463760375977,5.794281005859375,
139,0.6484375,,1319.55322265625,1289.0283203125,25.482868194580078,5.026272773742676,
140,0.6328125,0.59375,1582.62646484375,1255.2548828125,22.225574493408203,5.886231422424316,267.47393798828125
141,0.61328125,,1263.7335205078125,1240.131591796875,22.00975227355957,1.580841302871704,
142,0.609375,,1276.473876953125,1245.9395751953125,25.76031494140625,4.759016036987305,
143,0.59375,,1229.6473388671875,1201.1141357421875,22.879470825195312,5.641406059265137,
144,0.64453125,,1259.5789794921875,1232.1417236328125,22.51688003540039,4.906522750854492,
145,0.71875,0.5,1558.7481689453125,1263.8121337890625,22.91037368774414,5.34139347076416,266.671142578125
146,0.67578125,,1267.4630126953125,1241.8370361328125,23.732009887695312,1.8757829666137695,
147,0.640625,,1278.9864501953125,1248.0023193359375,26.125017166137695,4.841814041137695,
148,0.73046875,,1317.0419921875,1285.372314453125,25.53445816040039,6.122097969055176,
149,0.65625,,1271.7567138671875,1240.2965087890625,25.991535186767578,5.452022075653076,
150,0.640625,0.75,1568.5321044921875,1217.1688232421875,22.169029235839844,5.596712589263916,290.474609375
151,0.78125,,1317.673828125,1289.8096923828125,26.267908096313477,1.5790510177612305,
152,0.63671875,,1247.5704345703125,1216.126953125,25.57723045349121,5.849170684814453,
153,0.59765625,,1260.1046142578125,1231.736572265625,22.200124740600586,6.154911041259766,
154,0.61328125,,1347.3101806640625,1319.815673828125,22.746984481811523,4.732456207275391,
155,0.71875,0.65625,1629.8133544921875,1307.923828125,22.088083267211914,4.861753463745117,294.9255676269531
156,0.6796875,,1317.972412109375,1293.042236328125,23.046062469482422,1.8693368434906006,
157,0.67578125,,1301.3824462890625,1274.0496826171875,22.31382942199707,5.005789756774902,
158,0.61328125,,1318.2186279296875,1289.303955078125,24.085037231445312,4.813555717468262,
159,0.578125,,1282.2755126953125,1255.1336669921875,22.043643951416016,5.084257125854492,
160,0.6796875,0.53125,1620.1387939453125,1289.6375732421875,22.30785369873047,4.982171058654785,272.33953857421875
161,0.65625,,1297.7906494140625,1273.6580810546875,22.506969451904297,1.6119887828826904,
162,0.73828125,,1279.1500244140625,1251.9334716796875,22.185670852661133,5.018499374389648,
163,0.75,,1324.4468994140625,1297.308837890625,21.98915672302246,5.135629653930664,
164,0.65625,,1287.2427978515625,1260.1236572265625,22.055505752563477,5.049963474273682,
165,0.7109375,0.75,1580.482666015625,1251.5489501953125,22.423189163208008,5.322327136993408,301.1728210449219
166,0.69921875,,1375.050048828125,1350.9820556640625,22.22391128540039,1.8307099342346191,
167,0.62890625,,1320.6099853515625,1293.4124755859375,22.100788116455078,5.082271099090576,
168,0.66796875,,1263.43115234375,1235.9755859375,22.3209171295166,5.122165679931641,
