unix_time,host_available_bytes,cgroup_current_bytes,cgroup_anon_bytes,cgroup_file_bytes,cgroup_high_events,cgroup_max_events,cgroup_oom_events,cgroup_oom_kill_events,shm_used_bytes,disk_available_bytes,gpu0_used_mib,gpu0_util_pct,gpu1_used_mib,gpu1_util_pct,env_rss_kib,actor_rss_kib,rollout_rss_kib,driver_rss_kib,ray_system_rss_kib,matched_total_rss_kib,compute_process_count
1785342165,1.05437e+12,228396032000,621797376,226028699648,78418,1312351,0,0,344064,886846885888,4,0,4,0,1368,1348,1328,3172,1380,26100,0
1785342167,1.05444e+12,228415741952,642392064,226028703744,78418,1312351,0,0,344064,886846885888,0,0,0,0,1420,1344,1432,3172,1348,561976,0
1785342169,1.05402e+12,228849266688,1069342720,226028711936,78418,1312351,0,0,344064,886846881792,0,0,0,0,1388,1372,1380,3172,1420,1032424,0
1785342171,1.05361e+12,229221781504,1391169536,226028732416,78418,1312351,0,0,364544,886846881792,4,0,4,0,1340,1424,1392,3172,1372,1401788,0
1785342174,1.0534e+12,229444923392,1615417344,226028736512,78418,1312351,0,0,364544,886846881792,4,0,4,0,1388,1380,1416,3172,210504,1681528,0
1785342176,1.0526e+12,230270939136,2432229376,226028756992,78418,1312351,0,0,364544,886846881792,4,0,4,0,1380,1328,1448,3172,943504,2319964,0
1785342178,1.05179e+12,231140691968,3271495680,226030051328,78418,1312351,0,0,376832,886846881792,4,0,4,0,1344,1388,1340,3172,1062916,2572060,0
1785342180,1.04989e+12,233112338432,5162283008,226030444544,78418,1312351,0,0,376832,886846881792,4,0,4,0,1332,1376,1424,3172,1083372,5895304,0
1785342183,1.04713e+12,235932241920,7934062592,226030788608,78418,1312351,0,0,376832,886846849024,4,0,4,0,1392,1392,1392,3172,1103012,11647520,0
1785342185,1.04456e+12,238502895616,10487562240,226030833664,78418,1312351,0,0,376832,886846849024,4,0,4,0,1452,1392,1380,3172,1107216,13857244,0
1785342187,1.04215e+12,240760401920,12663660544,226047672320,78418,1312351,0,0,397312,886846849024,447,0,447,0,1392,1328,1936404,3172,1111468,16062364,2
1785342189,1.04074e+12,242235482112,13905383424,226081972224,78418,1312351,0,0,499712,886846844928,447,0,447,0,2874664,1340,3211000,3172,1115748,17848728,2
1785342193,1.04021e+12,243076730880,14443020288,226378137600,78418,1312351,0,0,499712,886846840832,513,1,447,0,3459144,1428,3431248,3172,1119580,18814772,2
1785342195,1.03659e+12,246503874560,17824382976,226415755264,78418,1312351,0,0,499712,886846840832,942,0,917,0,4327424,1388,6389924,3172,1121292,22505516,6
1785342198,1.03611e+12,246986719232,18295521280,226419949568,78418,1312351,0,0,499712,886846840832,1020,0,995,0,4367436,1392,6638500,3172,1122220,22772444,6
1785342200,1.03627e+12,246872612864,18190483456,226419933184,78418,1312351,0,0,499712,886846840832,947,0,947,0,3897640,1416,6812916,3172,1122932,22509032,4
1785342202,1.03297e+12,250182840320,21491187712,226419933184,78418,1312351,0,0,499712,886846840832,947,0,947,0,3897696,1420,10152192,3172,1123184,25875784,4
1785342204,1.03041e+12,252741787648,24047050752,226419933184,78418,1312351,0,0,499712,886846840832,947,0,947,0,3897868,1368,12597248,3172,1123908,28316424,4
1785342207,1.02724e+12,255922331648,27216408576,226419933184,78418,1312351,0,0,499712,886846840832,947,0,947,0,3897912,1344,15717104,3172,1124956,31432660,4
1785342209,1.02416e+12,257697959936,30259601408,225160593408,78418,1317181,0,0,499712,886846840832,947,0,947,0,3897948,1424,18676520,3172,1124764,34384552,4
1785342211,1.02131e+12,257697918976,33064718336,222349885440,78418,1327896,0,0,499712,886846840832,947,0,947,0,3897948,1348,21413728,3172,1124964,37127444,4
1785342213,1.01849e+12,257697783808,35855470592,219554381824,78418,1338556,0,0,499712,886846840832,947,0,947,0,3897964,1340,24162332,3172,1124852,39881036,4
1785342216,1.01613e+12,257697722368,38200442880,217206886400,78418,1347490,0,0,499712,886846840832,947,0,947,0,3897864,1420,26257688,3172,1125708,41931220,4
1785342218,1.01612e+12,257684848640,38200352768,217188798464,78418,1347559,0,0,499712,886846840832,947,0,947,0,3897892,1388,26257744,3172,1125916,41931512,4
1785342220,1.01613e+12,257684058112,38201360384,217185390592,78418,1347572,0,0,499712,886846840832,947,0,947,0,3897864,1328,26257748,3172,1126212,41931996,4
1785342222,1.01613e+12,257684213760,38203392000,217183297536,78418,1347580,0,0,499712,886846836736,947,0,947,0,3897872,1392,26257796,3172,1127460,41933308,4
1785342225,1.01613e+12,257681371136,38203469824,217181462528,78418,1347587,0,0,499712,886846836736,947,0,947,0,3897880,1340,26257796,3172,1127164,41933076,4
1785342227,1.01602e+12,257697939456,38322159616,217078046720,78418,1347993,0,0,499712,886846836736,947,0,947,0,3897876,1448,26442168,3172,1127552,42137772,4
1785342229,1.01431e+12,257697783808,40023277568,215378173952,78418,1354485,0,0,499712,886846836736,947,0,947,0,3897872,1372,28218016,3172,1127444,43930940,4
1785342231,1.01229e+12,257698033664,42007453696,213390598144,78418,1362062,0,0,499712,886846836736,947,0,947,0,3897928,1452,30040660,3172,1127556,45735616,4
1785342234,1.01312e+12,256449708032,41170780160,212980604928,78418,1363612,0,0,499712,886846836736,947,0,947,0,3897884,1352,29278484,3172,1127632,44980000,4
1785342236,1.01275e+12,256844599296,41559277568,212980629504,78418,1363612,0,0,499712,886846836736,947,0,947,0,3897924,1380,29533108,3172,1127516,45208908,4
1785342238,1.01151e+12,257697792000,42808213504,212584792064,78418,1365123,0,0,499712,886846836736,947,0,947,0,3897908,1328,30750652,3172,1128616,46427320,4
1785342241,1.01043e+12,257697792000,43862065152,211530776576,78418,1369144,0,0,499712,886846836736,947,0,947,0,3897880,1372,31779064,3172,1129416,47456896,4
1785342243,1.0103e+12,257459073024,44007514112,211151048704,78418,1370593,0,0,499712,886846836736,947,0,947,0,3897960,1344,30371956,3172,1129008,45614696,4
1785342245,1.01691e+12,250817392640,37296988160,211151052800,78418,1370593,0,0,499712,886846836736,947,0,947,0,3897952,1360,25296784,3172,1129244,40944592,4
1785342247,1.02143e+12,246344273920,32911192064,211151056896,78418,1370593,0,0,499712,886846836736,947,0,947,0,3897964,1376,21044632,3172,1129180,36615496,4
1785342250,1.02238e+12,245386637312,31943462912,211151056896,78418,1370593,0,0,499712,886846836736,947,0,947,0,3897892,1344,20010576,3172,1129496,35680048,4
1785342252,1.02241e+12,245359689728,31930499072,211151056896,78418,1370593,0,0,499712,886846836736,947,0,947,0,3897924,1376,20441692,3172,1131080,36215340,4
1785342254,1.01608e+12,251685875712,38246969344,211151056896,78418,1370593,0,0,499712,886846836736,947,0,947,0,3897920,1344,26608344,3172,1131352,42375684,4
1785342256,1.01057e+12,257206657024,43754160128,211151056896,78418,1370593,0,0,499712,886846836736,947,0,947,0,3897880,1396,31902724,3172,1131524,47664296,4
1785342259,1.01536e+12,250431508480,38832738304,209243697152,78418,1377869,0,0,499712,886846836736,3203,31,947,0,3897904,1392,26246420,3172,1130788,41820392,4
1785342261,1.01765e+12,248182833152,36649422848,209243697152,78418,1377869,0,0,499712,886846836736,9105,0,947,0,3897904,1352,24730228,3172,1131180,40411512,4
1785342263,1.02672e+12,239110336512,27588431872,209243979776,78418,1377869,0,0,499712,886846836736,9105,0,3631,26,3897980,1420,15160912,3172,1132340,30581116,4
1785342265,1.03124e+12,234439860224,22797357056,209365110784,78418,1377869,0,0,15187968,886846836736,10121,0,10121,0,3897900,1388,10782756,3172,1132996,27220376,6
1785342267,1.03082e+12,234872745984,23089455104,209495023616,78418,1377869,0,0,29966336,886846836736,10520,7,10677,0,4306684,1364,11018312,3172,1142048,28078680,8
1785342270,1.03051e+12,235144065024,23361810432,209495031808,78418,1377869,0,0,29966336,886846836736,10520,0,10677,0,4418404,1380,11025236,3172,1185360,28171452,8
1785342272,1.02903e+12,236557389824,24770424832,209497403392,78418,1377869,0,0,29966336,886846836736,10804,0,10961,0,5935736,1364,11026504,3172,1231868,29806092,8
1785342274,1.02809e+12,237404704768,25614307328,209497403392,78418,1377869,0,0,29966336,886846836736,11254,4,11539,7,6587912,1380,11027224,3172,1258624,30461508,8
1785342277,1.02804e+12,237501861888,25711005696,209498165248,78418,1377869,0,0,29966336,886846836736,13587,63,13796,67,6710956,1380,11027632,3172,1286216,30614024,8
1785342279,1.02704e+12,238408065024,26614026240,209498165248,78418,1377869,0,0,29966336,886846836736,13635,0,13796,0,7641784,1368,11027716,3172,1311676,31530408,8
1785342281,1.02628e+12,239124369408,27266764800,209498169344,78418,1377869,0,0,29966336,886846832640,14091,2,14251,0,8267288,1448,11027732,3172,1344324,32189420,8
1785342284,1.02605e+12,239356465152,27528130560,209520418816,78418,1377869,0,0,29966336,886846832640,15208,39,15291,3,8436844,1432,11252956,3172,1369168,32642692,8
1785342286,1.0258e+12,239611027456,27759923200,209540902912,78418,1377869,0,0,29966336,886846832640,15208,0,15291,0,8661060,1388,11260332,3172,1388548,32903040,8
1785342288,1.02685e+12,238557822976,26707931136,209540902912,78418,1377869,0,0,29966336,886846832640,10966,30,15197,1,7284728,1376,11264028,3172,1405720,31261460,7
1785342291,1.02685e+12,238832832512,26917232640,209602334720,78418,1377869,0,0,29970432,886846832640,10824,3,10809,1,6797220,1328,11265460,3172,1405316,32165236,6
1785342293,1.02647e+12,239181271040,27264368640,209602338816,78418,1377869,0,0,29970432,886846832640,11042,0,10813,0,7193956,1428,11265460,3172,1405552,32552008,8
1785342295,1.02492e+12,240666685440,28745117696,209602359296,78418,1377869,0,0,29970432,886846832640,11106,0,11095,0,8595672,1380,11265544,3172,1406296,33869456,8
1785342297,1.02409e+12,241509543936,29589786624,209602359296,78418,1377869,0,0,29970432,886846832640,11749,0,11737,2,9443544,1360,11265484,3172,1407772,34592468,8
1785342300,1.02403e+12,241461882880,29536722944,209602539520,78418,1377869,0,0,29970432,886846832640,13938,4,13930,2,9722796,1376,11265512,3172,1407836,35164284,8
1785342302,1.02293e+12,242552471552,30628687872,209602572288,78418,1377869,0,0,29970432,886846832640,13938,0,13930,0,10787204,1364,11265420,3172,1408068,36169188,8
1785342304,1.02244e+12,243033014272,31103934464,209602650112,78418,1377869,0,0,29970432,886846832640,14649,4,14642,0,11042068,1376,11265464,3172,1407808,36237016,8
1785342306,1.02239e+12,243076096000,31148617728,209602650112,78418,1377869,0,0,29970432,886846832640,15375,0,15368,63,11046664,1392,11265752,3172,1407736,36326680,8
1785342309,1.02239e+12,243085078528,31156195328,209602654208,78418,1377869,0,0,29970432,886846828544,15375,96,15368,93,11057656,1392,11266364,3172,1407640,36333804,8
1785342311,1.02296e+12,242555121664,30616788992,209613307904,78418,1377869,0,0,29970432,886846828544,14139,0,14131,0,10541060,1388,11266304,3172,1407568,35816492,8
1785342313,1.02297e+12,242559545344,30617780224,209613307904,78418,1377869,0,0,29970432,886846828544,14139,0,14131,0,10541344,1380,11266388,3172,1408708,35818060,8
1785342316,1.02287e+12,242667655168,30727303168,209613307904,78418,1377869,0,0,29970432,886846828544,14341,0,14333,1,10648320,1340,11266360,3172,1408492,35924960,8
1785342318,1.02202e+12,243529363456,31587819520,209613312000,78418,1377869,0,0,29970432,886846828544,14437,0,14429,0,11068624,1380,11266392,3172,1408160,36347496,8
1785342320,1.02245e+12,243055132672,31118721024,209613312000,78418,1377869,0,0,29970432,886846828544,15151,0,14887,5,11115228,1344,11266392,3172,1407664,36391108,8
1785342322,1.02232e+12,243208663040,31268429824,209613312000,78418,1377869,0,0,29970432,886846828544,15247,1,15240,91,11195068,1340,11266348,3172,1407516,36471580,8
1785342325,1.05219e+12,213512499200,2300321792,209383329792,78418,1377869,0,0,446464,886794215424,4,3,4,93,1372,1376,1340,3172,204648,1515288,0
1785342327,1.05339e+12,212346249216,1129238528,209383325696,78418,1377869,0,0,446464,886794215424,4,0,4,0,1340,1416,1424,0,1428,0,0
1785342329,1.05435e+12,211431329792,308019200,209383309312,78418,1377869,0,0,425984,886794207232,0,0,0,0,1344,1384,1424,0,1376,0,0
